0, -82.426857, 155.209686, -704.616150
1, -51.017937, 146.067535, -714.814941
2, -31.010857, 120.268768, -721.809448
3, -27.451092, 84.960037, -725.420349
4, -43.756508, 53.002678, -734.690125
5, -72.914680, 33.563988, -739.668091
6, -105.170990, 24.897894, -746.817139
7, -140.310211, 28.483137, -752.243347
8, -167.018890, 47.778870, -756.315063
9, -179.520874, 83.107605, -759.383301
10, -176.196289, 117.525162, -758.246033
11, -155.690140, 145.212952, -761.261475
12, -126.619690, 162.562866, -762.359009
13, -90.140739, 165.412964, -765.625244
14, -58.469032, 154.163132, -770.296082
15, -34.172707, 127.875656, -776.784912
16, -34.089390, 92.665504, -786.890015
17, -52.549881, 62.837112, -793.385010
18, -81.483276, 45.039124, -803.580444
19, -116.247856, 35.198143, -810.144348
20, -149.156998, 47.327225, -813.140503
21, -173.586899, 72.064880, -813.657349
22, -176.151184, 106.393478, -814.724365
23, -164.192200, 140.091751, -812.412354
24, -137.990189, 163.153992, -814.508423
25, -102.131058, 170.448273, -818.480347
26, -69.423706, 162.908173, -826.523376
27, -43.147415, 140.332001, -834.362183
28, -33.565804, 107.903297, -844.070984
29, -50.994946, 77.765747, -854.812134
30, -76.155998, 55.681236, -861.271973
31, -110.172340, 51.453369, -868.823425
32, -143.311172, 57.363770, -873.281189
33, -167.599716, 80.952850, -874.268066
34, -173.180283, 116.583862, -874.770691
35, -156.955566, 148.994934, -875.235718
36, -127.644127, 168.408630, -877.088135
37, -92.614700, 173.176773, -881.311279
38, -59.040543, 161.171677, -887.938965
39, -36.216614, 135.423096, -897.067627
40, -36.739174, 100.999649, -906.140015
41, -58.444012, 71.757538, -918.518616
42, -88.254631, 62.447998, -925.928589
43, -123.041283, 61.799164, -930.557373
44, -152.394180, 79.970474, -934.185974
45, -166.872696, 112.910751, -934.513550
46, -160.388077, 148.635910, -934.931091
47, -134.868607, 172.981232, -938.154724
48, -101.466789, 180.008087, -942.961243
49, -71.291000, 164.925262, -949.520142
50, -41.115211, 149.842453, -956.078979
51, -34.157318, 117.506363, -963.784607
52, -52.931671, 85.869560, -974.368774
53, -83.725471, 72.126274, -984.034302
54, -117.988190, 69.569229, -987.794189
55, -148.097290, 89.316269, -990.871216
56, -157.971268, 123.100296, -993.408325
57, -147.699203, 158.191345, -996.677979
58, -120.466179, 179.452957, -998.212158
59, -83.975128, 185.091522, -999.411133
60, -51.512878, 168.804062, -1001.099854
61, -32.749489, 140.685425, -1008.570496
62, -36.588417, 107.570572, -1016.493774
63, -65.635551, 83.180840, -1029.090576
64, -124.842064, 27.826399, -720.589844
65, -156.936691, 40.611725, -721.851807
66, -177.609329, 69.325562, -722.945251
67, -180.428192, 105.704437, -724.834229
68, -165.343704, 137.544205, -727.004761
69, -135.021683, 155.223480, -730.352051
70, -101.793617, 161.052887, -735.573669
71, -66.556625, 157.644897, -742.725098
72, -41.660339, 135.672943, -748.665710
73, -30.758522, 103.381134, -754.012939
74, -40.209484, 70.788300, -762.225464
75, -65.139275, 44.988724, -770.002441
76, -99.433647, 29.415991, -774.333557
77, -132.671204, 31.568571, -780.846313
78, -162.850876, 51.603745, -784.885376
79, -176.478378, 83.550903, -785.895996
80, -172.627014, 117.737900, -786.880981
81, -154.502335, 149.733032, -788.965820
82, -124.710777, 168.126556, -787.769470
83, -89.345802, 168.806335, -793.751587
84, -57.878059, 155.813431, -800.481323
85, -35.102470, 128.842270, -807.329956
86, -38.754395, 95.937119, -817.288879
87, -55.856567, 65.695671, -826.868347
88, -84.098320, 48.314880, -834.255371
89, -120.245308, 40.502213, -839.956909
90, -150.812805, 56.735931, -846.430420
91, -172.551498, 83.380951, -844.595642
92, -173.907013, 118.790833, -844.017822
93, -155.037292, 148.565765, -845.546387
94, -123.949974, 166.897095, -846.048218
95, -89.398445, 169.536942, -851.776611
96, -57.954399, 156.213409, -860.034668
97, -35.893723, 130.084778, -868.944763
98, -37.509216, 95.758049, -877.973511
99, -57.733810, 67.024300, -889.356689
100, -90.124870, 53.688889, -896.565430
101, -124.980644, 55.942383, -901.299805
102, -153.908920, 74.585831, -901.649597
103, -169.337250, 105.846054, -902.901978
104, -163.616913, 140.805115, -902.004089
105, -140.941101, 168.268768, -904.178467
106, -106.511040, 177.333832, -907.354004
107, -76.856216, 162.075989, -917.287781
108, -47.201393, 146.818085, -927.221558
109, -34.679054, 113.207321, -935.181152
110, -49.067333, 83.629250, -947.817566
111, -78.776230, 67.306259, -955.960449
112, -114.929359, 64.139297, -959.990173
113, -143.827545, 82.495255, -964.083984
114, -162.600250, 112.171906, -965.078247
115, -158.291916, 148.332718, -968.041992
116, -135.681305, 174.631989, -971.455994
117, -102.540733, 182.249863, -973.321960
118, -65.436394, 176.125458, -977.057739
119, -42.559517, 150.785202, -981.420105
120, -35.025261, 117.181656, -990.822266
121, -52.455215, 88.430389, -1004.344116
122, -82.106995, 75.776276, -1013.345642
123, -118.845245, 77.442856, -1019.089722
124, -146.220703, 98.704285, -1019.711853
125, -153.928787, 132.620972, -1020.474548
126, -136.877609, 163.635986, -1020.521973
127, -103.886887, 178.363205, -1018.628845
256, -33.694817, 196.965179, -309.456116
257, -8.477898, 177.371613, -323.045410
258, 13.539406, 153.867813, -335.083466
259, 33.737617, 126.362961, -345.379639
260, 44.978691, 95.537186, -346.698212
261, 50.253948, 102.357475, -331.160706
262, 55.529202, 109.177750, -315.623199
263, 42.728470, 139.626709, -313.284668
264, 18.684486, 164.279633, -309.122070
265, -10.505119, 182.018066, -305.845337
266, -43.625786, 189.692200, -300.829590
267, -76.361656, 187.525940, -294.545959
268, -105.851768, 173.168915, -294.763428
269, -135.341873, 158.811874, -294.980896
270, -155.650497, 132.884995, -303.341339
271, -171.973145, 102.115234, -306.535889
272, -176.528641, 68.144424, -307.872284
273, -171.550552, 33.010635, -306.085388
274, -154.269348, 4.964384, -303.785248
275, -130.399811, -18.212778, -298.461060
276, -101.026375, -37.030067, -296.148956
277, -94.010643, -50.524422, -318.401489
278, -112.289436, -27.761518, -329.955505
279, -136.078339, -6.735796, -334.289917
280, -158.638992, 19.057615, -335.468048
281, -174.671555, 49.281464, -333.075073
282, -178.325668, 83.180984, -333.043457
283, -169.436386, 117.291382, -330.671051
284, -152.814407, 147.045807, -330.063354
320, -46.469032, 189.542923, -338.314026
321, -14.644920, 182.933960, -351.084473
322, 9.738792, 157.943573, -360.322327
323, 24.882668, 126.597931, -364.615784
324, 25.884155, 92.129898, -368.363495
325, 21.188290, 60.499756, -372.410187
326, 5.180370, 32.909958, -374.314362
327, -21.402266, 3.877648, -372.160431
328, -57.047131, -15.889982, -363.211700
329, -84.249886, -17.807062, -356.575806
330, -118.382286, -12.674601, -354.985229
331, -147.558334, 4.908308, -356.165375
332, -170.000412, 30.860807, -357.616669
333, -179.329773, 65.102020, -358.547302
334, -178.579605, 99.964325, -356.937012
335, -168.266342, 131.788345, -354.771606
336, -144.772888, 160.433228, -356.613953
337, -115.337143, 173.612396, -358.192139
338, -81.987648, 185.957199, -363.713623
339, -48.882095, 182.371826, -370.953613
340, -17.348091, 167.814880, -379.078125
341, 3.645485, 143.976517, -388.686462
342, 12.519165, 112.177551, -392.557129
343, 12.401543, 76.239914, -395.386047
344, 0.273281, 41.687202, -392.610718
345, -19.564690, 13.475035, -390.019287
346, -53.398460, -8.213751, -390.597107
347, -84.246880, -13.409163, -387.629272
348, -115.852104, -13.026384, -383.562378
349, -145.638092, 5.117636, -383.223999
350, -166.461227, 33.305481, -383.135712
351, -180.448685, 65.845673, -382.115204
352, -180.890930, 101.537369, -383.014160
353, -169.901474, 133.243927, -383.876404
354, -147.990952, 159.944199, -387.548920
355, -119.347824, 177.500015, -393.214783
356, -83.283974, 188.038116, -400.542664
357, -49.912399, 178.935135, -407.552734
358, -23.051247, 158.667313, -414.587402
359, -1.978020, 131.838440, -419.629486
360, 3.929077, 97.691727, -418.656189
361, 0.927974, 63.169662, -417.367065
362, -13.899632, 28.662313, -416.393707
363, -40.457802, 0.438215, -415.182098
364, -68.301758, -10.402662, -414.208740
365, -103.058327, -9.034250, -412.228760
366, -134.765869, 5.451857, -412.793152
367, -159.007034, 27.311506, -411.650269
368, -173.047455, 58.259018, -412.812134
369, -180.114990, 94.062241, -414.602966
370, -173.270126, 127.611130, -415.367737
371, -151.028061, 154.561462, -420.906586
372, -126.229904, 177.730606, -423.614380
373, -92.423012, 184.014709, -431.521088
374, -56.634392, 178.187805, -439.059265
375, -30.936668, 157.366074, -443.818573
376, -8.504036, 127.667221, -445.692230
377, -3.847695, 95.360626, -445.519135
378, -3.298065, 66.211594, -447.313721
379, -22.871172, 19.243999, -448.157776
380, -42.451298, 2.727449, -447.183807
381, -76.493324, -5.035749, -448.106384
382, -110.535347, -12.798944, -449.028992
383, -139.080597, 10.563536, -447.657227
384, -9.266083, 96.042503, -465.724304
385, -10.307556, 60.117188, -467.063538
386, -28.657406, 32.761986, -469.622620
387, -47.007263, 5.406778, -472.181702
388, -80.651878, -2.103720, -472.376770
389, -114.296486, -9.614214, -472.571777
390, -145.190903, 6.946814, -474.760132
391, -166.681061, 35.072784, -473.977722
392, -174.710983, 67.018204, -475.289612
393, -175.634521, 102.440201, -478.673035
394, -163.489578, 134.157242, -480.284729
395, -140.374908, 160.142914, -489.220215
396, -108.920059, 173.049042, -496.738525
397, -73.294548, 170.548706, -505.037048
398, -48.304565, 149.994171, -511.224243
399, -25.987709, 124.619736, -516.658691
400, -16.994820, 88.053047, -520.907227
401, -20.313793, 55.165367, -524.547363
402, -35.585018, 30.703711, -527.229980
403, -68.276848, 0.628691, -531.827820
404, -92.599739, -11.334467, -534.713745
405, -126.429398, -1.923708, -537.062866
406, -153.795547, 18.960646, -538.988342
407, -172.902420, 48.272903, -537.196716
408, -178.748306, 82.568802, -538.057495
409, -174.136368, 116.575714, -540.328491
410, -153.633530, 145.651306, -546.031006
411, -122.973831, 162.645676, -551.327942
412, -89.506210, 165.198761, -559.074219
413, -57.036110, 153.558426, -565.542114
414, -33.376122, 128.157166, -572.040894
415, -20.369774, 95.213043, -577.762390
416, -19.240509, 62.469582, -582.164795
417, -33.549706, 31.542944, -587.600098
418, -63.212551, 14.425779, -590.730652
419, -92.875397, -2.691378, -593.861206
420, -125.901733, 6.515753, -597.939148
421, -155.005432, 24.692884, -599.477600
422, -177.561172, 53.798828, -597.239929
423, -182.856400, 86.809326, -600.744629
424, -172.952484, 120.751740, -603.352173
425, -147.521378, 147.596771, -608.149170
426, -117.010048, 159.973572, -612.136841
427, -82.232918, 160.609604, -620.002136
428, -51.566933, 148.102844, -626.846924
429, -29.644249, 121.437363, -634.119263
430, -19.876991, 87.565392, -638.174072
431, -24.819944, 54.132042, -643.749146
432, -50.098377, 27.752047, -648.196411
433, -82.532806, 19.317389, -651.178223
434, -114.967224, 10.882719, -654.159973
435, -147.490601, 25.074400, -658.199463
436, -172.234497, 49.812073, -659.114868
437, -181.166382, 82.595978, -663.469910
438, -173.380325, 117.460052, -665.657349
439, -151.565079, 144.891983, -669.251221
440, -120.226540, 157.631851, -674.356384
441, -84.169395, 161.262253, -679.419678
442, -53.223213, 147.917236, -684.057739
443, -32.292542, 122.931030, -692.884766
444, -26.328644, 89.286514, -698.377380
445, -34.829948, 55.867599, -703.429871
446, -62.480587, 31.577650, -710.288635
447, -99.282463, 27.236723, -712.150574
448, -170.355804, 44.426758, -444.890594
449, -178.144028, 77.657776, -448.358032
450, -176.888290, 114.303467, -449.775391
451, -159.009903, 143.294769, -453.394745
452, -133.307510, 167.265289, -458.226410
453, -101.456291, 175.968674, -466.669800
454, -67.447395, 171.971329, -476.260864
455, -39.603355, 151.446335, -484.387207
456, -21.252556, 121.513031, -490.660828
457, -13.674736, 89.310493, -495.732178
458, -15.776745, 55.298241, -496.397583
459, -37.174637, 18.436060, -498.797363
460, -58.313744, 0.759733, -500.574585
461, -94.004463, -10.115072, -502.974426
462, -126.669991, -3.880083, -505.472168
463, -154.978226, 17.016630, -505.996704
464, -172.736176, 47.432709, -506.826538
465, -178.488785, 81.325745, -507.550537
466, -173.896973, 115.768555, -509.422729
467, -153.089249, 144.052948, -516.949585
468, -126.780586, 165.348465, -520.254150
469, -91.176842, 166.714447, -531.193359
470, -60.935616, 155.733093, -538.131470
471, -36.135239, 130.897278, -546.111389
472, -19.404152, 100.280701, -547.775635
473, -17.316322, 66.174377, -553.171265
474, -37.051872, 30.192507, -556.844116
475, -56.278400, 9.881170, -559.668823
476, -85.874512, -1.970560, -563.024963
477, -119.968987, -1.450449, -566.166748
478, -149.978699, 16.345716, -566.450195
479, -171.455704, 43.978760, -565.925964
480, -180.053024, 76.950974, -567.412598
481, -175.208054, 113.193756, -569.091431
482, -154.372696, 141.680328, -574.202637
483, -125.268478, 159.824860, -577.820740
484, -90.854820, 166.371948, -585.640747
485, -59.216141, 154.135773, -593.164551
486, -33.480202, 130.142120, -602.532104
487, -22.667198, 99.551819, -608.243469
488, -19.458862, 65.137398, -613.160278
489, -36.397102, 34.805389, -620.160706
490, -67.715790, 20.575331, -623.181519
491, -99.034470, 6.345266, -626.202271
492, -132.713409, 12.980764, -630.582520
493, -162.808746, 30.829191, -630.644409
494, -178.308945, 61.559204, -632.222656
495, -182.501266, 97.517670, -633.452393
496, -166.477005, 128.468002, -634.678955
497, -139.196030, 150.639816, -639.627625
498, -107.025261, 156.701416, -644.116211
499, -72.513077, 156.188293, -649.899414
500, -42.252953, 138.265503, -657.300415
501, -25.491722, 109.315628, -665.427673
502, -26.384460, 75.354507, -670.547974
503, -38.826801, 43.194427, -676.833923
504, -67.056396, 23.434927, -681.940552
505, -102.778908, 15.444082, -685.528687
506, -136.347214, 24.416822, -690.200867
507, -162.128189, 43.967468, -694.581055
508, -177.988037, 75.686371, -693.227783
509, -179.060043, 110.953613, -694.987488
510, -159.724777, 141.563370, -696.417358
511, -126.026398, 155.616638, -698.951965
576, -51.011513, -122.564117, -735.292358
577, -41.718433, -89.652054, -741.901001
578, -17.026161, -64.889771, -747.230469
579, 16.418186, -52.660339, -752.542480
580, 50.950142, -58.101303, -756.202271
581, 80.845802, -78.297974, -758.256470
582, 98.907204, -109.062134, -760.001099
583, 99.855995, -145.951767, -763.445679
584, 82.570992, -174.717880, -767.192871
585, 56.281487, -199.025970, -771.480164
586, 22.094917, -203.933121, -778.294434
587, -12.107155, -194.090012, -784.584351
588, -37.638329, -171.805450, -789.305603
589, -49.022072, -139.505539, -795.422852
590, -44.952347, -103.623505, -799.425415
591, -25.392380, -76.617569, -804.036377
592, 5.656414, -61.047112, -811.309937
593, 40.288151, -58.683098, -814.031677
594, 70.175125, -74.612259, -819.370972
595, 95.672935, -98.952805, -821.132812
596, 101.048462, -134.317383, -825.245972
597, 85.195274, -167.441101, -829.629333
598, 59.738762, -188.618652, -832.416748
599, 28.198997, -202.095413, -837.818604
600, -7.654732, -196.842468, -843.951111
601, -32.180885, -174.107742, -848.984009
602, -43.774803, -142.501022, -854.607605
603, -39.045334, -107.723221, -860.674255
604, -19.485538, -78.887398, -867.700623
605, 10.514099, -64.081779, -873.924683
606, 47.115562, -60.468628, -876.188110
607, 77.035339, -76.567383, -877.832642
608, 100.383919, -103.519363, -881.772095
609, 101.522789, -141.566223, -885.420105
610, 83.499542, -170.200623, -888.478760
611, 56.537331, -192.105408, -895.105469
612, 23.045967, -198.238815, -902.818848
613, -10.650429, -189.710083, -909.966980
614, -35.277382, -161.014542, -915.614441
615, -35.799049, -128.795807, -919.623230
616, -26.608521, -95.723343, -920.202515
617, 3.896316, -73.785652, -928.033569
618, 36.620083, -61.402679, -935.677185
619, 67.544350, -73.137810, -938.714600
620, 98.863853, -107.138824, -944.127930
621, 103.086372, -133.559631, -947.165405
622, 88.656776, -165.309631, -952.417725
623, 61.718742, -187.935715, -958.731934
624, 28.094398, -193.630280, -965.845337
625, -3.238411, -179.956390, -975.048767
626, -25.208801, -153.071335, -977.604431
627, -29.254242, -119.318604, -982.568359
628, -14.267372, -87.622406, -987.025085
629, 15.666939, -70.761551, -991.901733
630, 49.703697, -65.554054, -996.337891
631, 81.659264, -82.405014, -999.692139
632, 101.223038, -111.594986, -1002.525024
633, 96.001801, -148.136368, -1006.968384
634, 74.309364, -173.765610, -1014.997437
635, 43.794746, -191.713394, -1022.140320
636, 8.768837, -190.594299, -1030.230713
637, -20.855034, -166.466370, -1032.553589
638, -20.897423, -130.486969, -1036.952026
639, -11.768959, -98.938110, -1035.693604
640, 89.367432, -51.634872, -493.449585
641, 114.885536, -77.928345, -491.008789
642, 122.566429, -113.199127, -488.575439
643, 115.694069, -146.167358, -486.699341
644, 92.258774, -173.020447, -488.259827
645, 67.213112, -194.699188, -491.436768
646, 32.232750, -201.655350, -496.389038
647, -1.108132, -197.456787, -504.584839
648, -32.342644, -180.256516, -509.997070
649, -52.761314, -155.462646, -513.954651
650, -63.933899, -120.676308, -517.230103
651, -61.302094, -88.746826, -521.691833
652, -40.179550, -63.917496, -529.483276
653, -19.057011, -39.088181, -537.274780
654, 15.979424, -26.298548, -544.639709
655, 49.628304, -33.905647, -550.832031
656, 80.670158, -51.447876, -553.336548
657, 100.430672, -79.152725, -554.532715
658, 110.001152, -112.279175, -552.227539
659, 109.475105, -147.640823, -549.679749
660, 91.255226, -176.652527, -547.575562
661, 62.118767, -197.932465, -549.395203
662, 29.958748, -205.004700, -553.015076
663, -4.781975, -202.305817, -559.817505
664, -34.674370, -184.739288, -567.844666
665, -56.615974, -158.737137, -575.693481
666, -66.825920, -126.113739, -582.093079
667, -61.258190, -93.335274, -589.074768
668, -40.871521, -63.122932, -597.047363
669, -9.884888, -49.995979, -601.439270
670, 21.101749, -36.869003, -605.831177
671, 53.470901, -45.441223, -608.703430
672, 83.481430, -65.606232, -611.196960
673, 99.095573, -95.704086, -609.554321
674, 105.809807, -130.132523, -612.068848
675, 96.753937, -163.303162, -613.259766
676, 73.615173, -190.471603, -615.849365
677, 45.716866, -209.469513, -618.593872
678, 9.360603, -209.744598, -624.985474
679, -20.135033, -197.008057, -628.236755
680, -44.644157, -172.436554, -633.053345
681, -60.100716, -139.815643, -636.822998
682, -59.164345, -105.365364, -643.940857
683, -44.618668, -76.586037, -651.423828
684, -18.615868, -54.453934, -657.468201
685, 15.696789, -41.242371, -664.665771
686, 48.598763, -50.250999, -670.284790
687, 77.752953, -70.939453, -673.620483
688, 98.012047, -99.851959, -674.017700
689, 102.130791, -133.973358, -676.936951
690, 91.688049, -166.611847, -677.510681
691, 66.568550, -192.791565, -681.001831
692, 37.272209, -207.648987, -683.854248
693, 1.565117, -205.854492, -690.115906
694, -28.480492, -185.881134, -694.121460
695, -47.063515, -158.242950, -698.160767
696, -54.942680, -125.045853, -702.690186
697, -45.840115, -91.420387, -706.607788
698, -24.159557, -64.456047, -713.118164
699, 8.365509, -49.869270, -718.781189
700, 41.865158, -52.941544, -723.990112
701, 73.862938, -68.961777, -728.080017
702, 95.442101, -96.959274, -730.484558
703, 97.092857, -132.567902, -733.266052
704, 90.329002, -161.366287, -734.145996
705, 70.495186, -188.452942, -739.917969
706, 39.171135, -202.865234, -747.511108
707, 6.144066, -202.821655, -754.909058
708, -24.252235, -187.112869, -757.705994
709, -43.093994, -160.024338, -762.415466
710, -51.455727, -126.106659, -765.743774
711, -46.211594, -92.723366, -767.958130
712, -19.103195, -69.028702, -775.335876
713, 13.556404, -60.389694, -784.862061
714, 49.670418, -58.486374, -787.642090
715, 76.811455, -76.698502, -790.818726
716, 98.245110, -104.348694, -792.418579
717, 100.752525, -139.926636, -796.079468
718, 82.217751, -169.545883, -799.736023
719, 56.734428, -193.003067, -803.092651
720, 23.775246, -201.363190, -809.492676
721, -9.917229, -195.897339, -815.760254
722, -34.753853, -171.469681, -822.266052
723, -46.800011, -138.461823, -828.099060
724, -40.094872, -105.551727, -832.751587
725, -22.833195, -75.928482, -836.979980
726, 7.597347, -63.536102, -845.410278
727, 42.973461, -59.199432, -848.377869
728, 74.713966, -75.910080, -852.543640
729, 96.636597, -103.813156, -852.677979
730, 98.646172, -138.018326, -856.271118
731, 82.910919, -167.454041, -861.339600
732, 58.294136, -191.425232, -865.497803
733, 24.672813, -199.920898, -870.363953
734, -10.317314, -194.327499, -874.398682
735, -34.628853, -168.282486, -880.657654
736, -41.392769, -134.270706, -885.675476
737, -31.977257, -101.871773, -890.062134
738, -8.341118, -76.358276, -898.621704
739, 24.178123, -62.765511, -906.027405
740, 57.763618, -65.294968, -909.960205
741, 91.205475, -80.973602, -912.518433
742, 103.286873, -113.931641, -916.567749
743, 97.690132, -148.900330, -918.687866
744, 75.690948, -175.572250, -926.452820
745, 46.841072, -192.364777, -933.129883
746, 12.456352, -195.932129, -938.342407
747, -15.464882, -175.566803, -945.996216
748, -31.897194, -143.179077, -945.776611
749, -28.142479, -111.282677, -951.163208
750, -5.957504, -83.596542, -954.663940
751, 23.345112, -66.814362, -962.138672
752, 55.803211, -66.771011, -971.725708
753, 79.104614, -90.491692, -974.262207
754, 102.406021, -114.212372, -976.798767
755, 95.398979, -146.753159, -981.799988
756, 73.852325, -173.981598, -986.205566
757, 44.586983, -191.140808, -991.228516
758, 8.853645, -187.454208, -998.854858
759, -21.138359, -165.562943, -1003.161316
760, -27.553673, -133.425873, -1007.914490
761, -14.118248, -100.548729, -1014.495483
762, 8.437286, -77.315903, -1019.453491
763, 44.251888, -66.969254, -1024.197998
764, 76.136787, -76.267395, -1027.946533
765, 98.703033, -104.020905, -1030.106812
766, 97.083954, -141.541412, -1036.387085
767, 72.107079, -165.220413, -1035.595215
832, -35.259945, -25.772276, -386.697113
833, -8.196210, -5.790560, -393.141357
834, 20.109810, 8.373093, -398.070160
835, 50.677410, 17.493677, -403.137756
836, 84.276520, 6.707449, -403.132294
837, 111.627342, -14.155626, -404.733337
838, 129.439896, -44.562790, -400.803406
839, 138.357361, -79.161011, -398.391663
840, 137.693893, -113.547028, -394.419891
841, 126.836113, -146.518631, -388.954559
842, 105.350182, -174.460205, -384.745758
843, 74.841721, -189.937881, -378.508789
844, 41.259834, -192.392303, -379.167053
845, 7.433922, -185.953400, -381.853577
846, -24.308159, -168.573563, -387.991028
847, -40.346573, -138.932648, -393.774933
848, -56.384987, -109.291779, -399.558838
849, -54.158047, -76.371284, -403.317444
850, -36.655289, -48.203033, -409.363464
851, -19.152527, -20.034773, -415.409485
852, 12.995563, -8.512815, -420.122925
853, 45.143650, 3.009142, -424.836334
854, 77.117302, -7.496744, -427.626068
855, 106.194221, -27.650530, -429.169434
856, 123.515068, -59.172394, -425.994232
857, 128.359818, -92.359650, -425.270844
858, 125.493141, -127.227753, -424.227051
859, 107.213860, -156.795425, -418.062469
860, 82.948586, -182.048431, -414.292603
861, 49.277977, -194.372467, -411.234497
862, 15.247749, -192.097534, -414.468079
863, -16.608437, -178.061813, -416.161072
864, -40.200294, -155.182129, -420.944641
865, -56.841171, -123.896088, -427.039673
866, -58.253048, -88.807716, -431.174316
867, -50.307434, -55.940887, -434.499329
868, -28.715061, -29.948755, -442.561951
869, 5.258815, -17.838068, -446.331512
870, 39.232697, -5.727381, -450.101074
871, 72.018829, -13.873034, -456.489594
872, 99.143677, -35.267548, -456.425964
873, 116.027077, -65.553391, -457.096863
874, 121.367485, -100.378571, -452.666016
875, 117.387062, -131.996353, -448.456757
876, 101.818581, -163.220444, -442.561279
877, 77.745674, -187.011292, -438.727753
878, 43.643349, -197.057724, -437.836975
879, 9.837685, -193.278214, -442.235199
880, -20.507561, -178.634048, -447.414520
881, -47.423790, -155.783844, -452.905853
882, -61.712273, -125.416046, -458.245544
883, -61.928146, -92.873550, -464.674011
884, -44.326427, -63.306908, -470.212585
885, -26.724709, -33.740257, -475.751221
886, 6.674816, -26.419085, -480.412903
887, 40.074337, -19.097914, -485.074646
888, 73.529724, -27.962412, -484.510620
889, 98.681976, -52.259369, -484.502441
890, 118.892479, -79.771332, -478.724976
891, 119.643562, -114.921326, -475.075317
892, 112.295395, -148.946823, -467.850769
893, 92.108482, -175.176453, -463.998047
894, 63.611031, -193.334320, -460.262817
895, 27.544273, -199.941879, -459.302490
896, 66.413704, -195.045761, -332.805542
897, 31.566490, -193.883789, -331.746033
898, -1.549141, -182.129608, -333.025360
899, -30.383293, -165.542480, -333.198120
900, -55.192879, -141.009354, -333.781677
901, -67.246918, -110.139633, -334.132324
902, -70.828598, -75.573837, -336.084900
903, -78.423386, -66.097221, -353.019135
904, -65.030159, -84.386292, -366.566986
905, -60.011566, -119.179520, -367.243286
906, -43.072647, -149.744812, -366.056091
907, -16.396355, -171.645081, -365.192932
908, 13.859261, -185.735977, -364.025513
909, 47.895592, -190.323669, -361.994568
910, 81.979202, -189.622299, -364.689087
911, 106.904205, -174.939850, -380.243164
912, 127.034691, -146.345093, -377.255554
913, 144.483749, -121.385269, -368.057556
914, 147.998428, -87.500610, -367.806824
915, 141.194168, -52.956131, -368.947235
916, 129.368347, -20.756655, -374.699646
917, 105.315041, 2.443762, -382.138733
918, 78.609978, 21.838800, -385.379578
919, 57.044827, 34.215912, -371.253143
920, 83.390053, 34.200829, -358.771179
921, 107.775871, 13.062262, -355.654510
922, 132.624771, -11.513872, -349.704407
923, 146.321365, -41.959808, -346.801697
924, 149.271942, -75.608536, -343.686279
925, 146.771927, -109.849014, -341.720215
926, 136.454483, -140.551331, -340.184143
960, -9.600914, -192.344101, -470.007324
961, -35.828041, -171.086487, -478.211426
962, -55.906288, -141.780594, -482.747314
963, -62.882721, -110.098366, -489.539612
964, -57.211693, -74.506950, -491.897156
965, -38.090572, -48.098015, -500.489136
966, -6.972294, -34.717133, -507.643494
967, 24.145985, -21.336256, -514.797852
968, 57.322403, -29.662928, -521.331116
969, 86.144035, -48.701607, -525.246826
970, 104.443222, -78.402756, -526.074463
971, 114.050255, -111.189972, -523.375000
972, 112.507065, -145.543137, -521.552002
973, 92.831848, -175.432098, -520.046509
974, 65.937630, -194.027512, -521.611206
975, 32.087593, -203.018021, -524.754761
976, -1.268898, -198.452164, -531.347229
977, -31.155937, -183.735260, -537.428101
978, -52.471573, -158.620178, -542.593384
979, -64.044189, -126.785782, -548.597900
980, -56.311523, -93.876289, -557.232849
981, -42.664463, -63.960670, -562.348022
982, -11.404842, -48.940552, -569.392944
983, 19.854786, -33.920425, -576.437805
984, 51.136688, -40.993187, -579.715820
985, 79.851593, -60.808640, -582.635620
986, 99.370506, -88.986832, -581.805786
987, 105.307152, -123.358383, -582.253662
988, 99.975494, -156.998062, -579.000061
989, 82.884178, -186.766174, -579.384277
990, 51.922050, -202.894501, -579.215698
991, 18.687401, -208.673981, -584.014038
992, -13.166618, -198.709442, -591.148315
993, -40.531380, -178.522385, -598.437256
994, -57.455376, -148.821762, -607.170044
995, -62.362328, -114.822281, -613.820679
996, -54.545551, -82.210182, -618.426270
997, -29.907623, -56.636795, -626.198120
998, 3.057197, -51.073334, -631.738586
999, 36.022022, -45.509865, -637.279053
1000, 67.422615, -60.326584, -641.004883
1001, 89.100426, -85.274506, -642.962952
1002, 101.311821, -119.518082, -644.713989
1003, 99.201614, -154.054321, -643.987427
1004, 80.290794, -182.079575, -648.033691
1005, 51.274590, -202.949341, -649.344299
1006, 16.557793, -208.546356, -655.371521
1007, -14.316231, -199.464798, -659.062988
1008, -40.283684, -174.167892, -665.414551
1009, -55.607796, -143.244568, -669.287964
1010, -55.357132, -108.995674, -675.155579
1011, -41.712631, -78.573471, -681.068787
1012, -16.132298, -55.360573, -688.210266
1013, 17.530962, -45.637833, -691.608093
1014, 50.980175, -55.975708, -696.968994
1015, 78.905388, -76.514038, -702.706299
1016, 96.779961, -106.530701, -705.315613
1017, 99.832481, -142.195267, -710.248718
1018, 84.344849, -172.619370, -711.410034
1019, 59.989799, -195.215851, -712.728943
1020, 29.689003, -208.657684, -711.692871
1021, -6.714561, -205.118225, -716.853455
1022, -32.487083, -183.220642, -722.793091
1023, -44.834366, -150.520767, -729.836609
1024, 143.804611, -43.072525, -191.467133
1025, 141.806976, -8.996721, -192.671295
1026, 134.040756, 16.176168, -209.562408
1027, 142.614670, -8.769106, -228.960846
1028, 146.012787, -38.870346, -229.205444
1029, 145.286957, -72.267654, -227.162460
1030, 141.294022, -105.766968, -222.737030
1031, 132.560959, -138.383850, -217.465942
1032, 111.623314, -166.855637, -212.537567
1033, 83.544769, -182.017548, -206.158081
1034, 53.600578, -193.735443, -202.307175
1035, 20.037056, -189.745605, -200.879883
1036, -16.056770, -180.945770, -196.381012
1037, -43.287918, -163.112350, -195.431610
1038, -68.653923, -141.324234, -193.342163
1039, -90.957863, -116.837082, -194.759277
1040, -102.526794, -91.167084, -211.909149
1041, -92.150238, -113.457794, -229.929108
1042, -67.814056, -139.789337, -227.532623
1043, -45.441597, -163.480225, -226.350189
1044, -15.703316, -179.817902, -226.812363
1045, 17.799889, -190.590668, -229.629562
1046, 49.763680, -192.820938, -234.064484
1047, 84.029076, -185.864227, -238.000183
1048, 110.724487, -170.507233, -242.196625
1049, 134.550049, -142.479767, -246.245483
1050, 146.840057, -112.915070, -249.886826
1051, 149.247131, -78.272003, -252.690231
1052, 148.358170, -44.271545, -257.760803
1053, 143.771072, -13.178011, -262.839172
1054, 136.398788, 19.451788, -269.007660
1055, 115.709114, 34.503433, -289.657990
1056, 134.148026, 11.813421, -296.333801
1057, 146.171204, -21.547823, -290.945862
1058, 151.240509, -53.198166, -287.403656
1059, 152.997375, -84.922760, -284.010498
1060, 147.561951, -118.908813, -280.515533
1061, 129.288589, -148.591766, -279.565979
1062, 109.016548, -175.386108, -274.284851
1063, 78.764343, -190.475891, -269.687256
1064, 43.922661, -197.071716, -268.484558
1065, 12.062981, -192.935242, -266.636932
1066, -19.574013, -179.693298, -261.459595
1067, -46.250084, -156.882843, -260.907135
1068, -65.752113, -131.414017, -258.778259
1069, -82.911667, -101.742950, -258.381226
1070, -94.186913, -85.364525, -273.293427
1071, -82.325043, -99.621635, -291.410858
1072, -62.664864, -128.491150, -291.902191
1073, -45.175377, -154.592728, -292.254700
1074, -19.582222, -178.567215, -292.518738
1075, 10.558022, -193.563538, -293.878052
1076, 43.843422, -199.910553, -296.654938
1077, 75.561272, -191.729935, -298.228027
1078, 103.540733, -176.599762, -302.264587
1079, 128.276428, -150.293091, -305.327179
1080, 143.638031, -120.893341, -310.243530
1081, 154.034698, -88.135986, -312.667480
1082, 151.232544, -55.850159, -316.115112
1083, 142.245728, -22.027956, -323.094055
1084, 125.995964, 4.544973, -330.023865
1085, 107.623192, 32.522675, -333.209473
1086, 76.617409, 40.996094, -333.089569
1087, 47.071819, 40.495476, -333.928619
1152, 148.854965, -79.190552, -192.482101
1153, 138.935120, -109.653992, -188.820190
1154, 125.758812, -139.616058, -183.081787
1155, 105.786339, -169.423950, -178.762375
1156, 77.312309, -185.132278, -173.731369
1157, 43.054482, -188.467438, -169.654648
1158, 8.724281, -188.080551, -167.013947
1159, -24.622536, -174.821686, -164.639999
1160, -51.854103, -159.396408, -162.609558
1161, -79.122444, -140.226898, -162.066406
1162, -103.290298, -115.829208, -161.999420
1163, -118.943733, -102.586517, -139.883179
1164, -96.944725, -128.615128, -131.616516
1165, -72.634293, -149.285690, -131.314697
1166, -42.063652, -166.336349, -132.207047
1167, -12.565819, -180.822021, -133.168884
1168, 19.218102, -187.142792, -137.314148
1169, 54.087914, -186.177124, -140.203857
1170, 86.631874, -176.510803, -144.214279
1171, 111.938545, -152.986801, -150.337143
1172, 129.530853, -125.508392, -157.457397
1173, 138.063599, -94.773193, -160.362030
1174, 138.626007, -60.040222, -160.854294
1175, 140.865906, -27.149599, -159.778351
1176, 133.303665, 6.279249, -156.641449
1177, 132.167953, -1.578775, -127.130615
1178, 134.573883, -35.147751, -127.008034
1179, 136.979843, -68.716736, -126.885452
1180, 130.436203, -102.807129, -125.486816
1181, 117.817291, -134.716461, -126.098381
1182, 96.500854, -159.834244, -122.271713
1183, 68.179649, -177.095032, -116.578735
1184, 33.402702, -182.291595, -112.133438
1185, 0.951683, -181.580627, -106.795395
1186, -32.235909, -172.451614, -102.510651
1187, -61.269890, -157.990265, -99.635010
1188, -89.331482, -138.789291, -96.165985
1189, -113.944839, -116.262283, -96.471283
1190, -125.902260, -90.987984, -79.620712
1191, -115.139183, -115.689499, -62.363617
1192, -88.803024, -135.531296, -65.450516
1193, -63.556892, -154.728394, -68.901978
1194, -31.577339, -171.216583, -71.355438
1195, 0.985634, -179.156189, -76.447281
1196, 34.776619, -176.581818, -81.983421
1197, 65.465149, -169.160950, -85.884483
1198, 92.614357, -149.656128, -92.608208
1199, 111.256020, -122.736847, -97.738220
1200, 125.502205, -94.204224, -100.789917
1201, 134.226822, -59.617355, -103.486115
1202, 138.563004, -28.484652, -106.138756
1203, 122.767036, -11.577242, -96.386284
1204, 123.433983, -34.917816, -75.997757
1205, 130.149994, -62.838547, -68.418365
1206, 120.134468, -95.215240, -66.001999
1207, 105.298172, -125.262421, -66.229477
1208, 80.830292, -151.213715, -62.830551
1209, 53.900826, -167.670044, -61.799530
1210, 20.708000, -175.211777, -58.629257
1211, -14.741386, -171.847031, -55.817978
1212, -45.670830, -162.400040, -48.800293
1213, -73.466026, -142.620483, -42.123383
1214, -96.137917, -121.868629, -37.852585
1215, -122.413116, -98.696693, -35.146881
1280, 98.340111, 16.847120, 121.804581
1281, 81.507759, 48.361603, 118.206802
1282, 61.524773, 85.499397, 119.039322
1283, 47.532177, 105.075844, 120.526016
1284, 25.912216, 130.836761, 121.414993
1285, 0.465667, 152.914124, 120.412674
1286, -32.745178, 163.400879, 117.605728
1287, -65.871758, 160.202545, 121.574722
1288, -99.250725, 146.005112, 126.582230
1289, -112.334343, 119.857330, 134.440445
1290, -129.968674, 88.219406, 141.573074
1291, -133.113449, 54.022003, 149.380081
1292, -129.936966, 22.141661, 151.974380
1293, -123.318520, -10.623590, 153.490707
1294, -113.747047, -42.390907, 149.938370
1295, -97.003883, -62.774910, 166.895432
1296, -107.649559, -35.068031, 184.072830
1297, -117.321136, -3.851198, 185.121567
1298, -127.002602, 30.418829, 184.943466
1299, -129.184311, 63.897278, 181.741501
1300, -123.946236, 98.083023, 176.757889
1301, -114.699730, 127.897827, 167.708542
1302, -96.239296, 152.181076, 157.863693
1303, -62.049324, 165.871948, 152.429276
1304, -29.822533, 162.501877, 150.283524
1305, 1.175094, 147.310333, 150.367630
1306, 27.696419, 130.597946, 152.229630
1307, 35.095757, 114.298241, 170.776047
1308, 18.561821, 137.863434, 182.779373
1309, -7.201439, 159.567261, 183.223404
1310, -40.379189, 171.413269, 178.878677
1311, -74.519470, 173.743927, 183.737442
1312, -105.113289, 155.288239, 192.067215
1313, -117.418312, 128.206482, 201.367569
1314, -123.943321, 96.520859, 210.832169
1315, -131.757812, 64.375214, 213.256668
1316, -125.673149, 28.677259, 211.893509
1317, -114.354210, -1.824953, 210.384109
1318, -106.453392, -32.496918, 209.173904
1319, -90.618294, -57.193481, 228.488968
1320, -86.207947, -56.057381, 261.407898
1321, -80.184647, -51.778351, 293.295593
1322, -77.254868, -46.694649, 324.819519
1323, -68.674477, -40.867561, 357.607971
1324, -61.445839, -33.072701, 388.406982
1325, -69.390755, -18.006037, 393.158203
1326, -77.335670, -2.939375, 397.909485
1327, -89.139572, -10.314005, 366.365417
1328, -96.530251, -18.086123, 337.647095
1329, -103.993675, -22.334887, 305.169006
1330, -108.485115, -25.226988, 272.111328
1331, -113.852959, -10.371698, 272.148315
1332, -119.220802, 4.483587, 272.185242
1333, -119.437897, 5.515379, 304.643677
1334, -115.269287, 4.560804, 335.903809
1335, -102.723946, 14.666647, 367.986572
1336, -92.048180, 20.819021, 396.734314
1337, -83.913536, 27.916342, 425.640808
1338, -77.962296, 40.112572, 454.828064
1339, -71.151024, 56.988403, 481.574768
1344, -76.452385, -118.563606, 52.237534
1345, -50.168983, -137.532654, 49.696701
1346, -19.944969, -154.684616, 48.046494
1347, 14.297813, -162.011963, 42.651245
1348, 46.166313, -158.358948, 38.652893
1349, 77.828194, -147.977005, 35.910294
1350, 102.513664, -121.473053, 31.651321
1351, 116.766434, -91.261673, 28.901917
1352, 124.179497, -53.807526, 26.546036
1353, 123.446556, -20.799799, 28.562729
1354, 115.093376, 10.280928, 29.200760
1355, 101.718193, 42.985458, 28.761505
1356, 85.257530, 70.574150, 25.889923
1357, 61.011547, 95.159012, 23.015274
1358, 36.765564, 119.743881, 20.140610
1359, 12.065437, 136.426025, 22.201736
1360, -20.999954, 152.534119, 22.063828
1361, -53.940994, 154.151474, 21.908844
1362, -86.963440, 142.136765, 25.433197
1363, -109.790596, 117.041351, 32.345551
1364, -126.536537, 88.686539, 36.255997
1365, -141.640335, 57.789810, 43.111008
1366, -148.036255, 26.368467, 46.945541
1367, -142.279129, -8.717569, 52.523605
1368, -128.658798, -39.301895, 53.044113
1369, -122.077667, -67.195663, 38.460281
1370, -134.156418, -44.604645, 22.240662
1371, -143.696426, -13.209963, 19.449875
1372, -148.975601, 20.518110, 13.919754
1373, -140.779877, 54.429184, 11.030563
1374, -131.328873, 84.789825, 8.102463
1375, -117.290962, 114.715759, 3.416122
1376, -93.722099, 138.429306, -1.857422
1377, -62.383484, 154.706024, -5.595505
1378, -28.385201, 155.650452, -7.766754
1379, 3.516998, 143.460541, -7.192245
1380, 30.752121, 123.403549, -7.093018
1381, 58.834560, 100.121628, -8.340317
1382, 82.953102, 77.120277, -11.083038
1383, 98.978760, 47.996559, -11.083038
1384, 111.986641, 15.413839, -10.569504
1385, 119.689705, -18.280519, -7.574478
1386, 118.804115, -50.914017, -7.536499
1387, 117.918533, -83.547531, -7.498520
1388, 106.365623, -116.568802, -3.026840
1389, 82.588638, -142.647980, -1.435760
1390, 54.546600, -158.939270, 3.823181
1391, 21.942818, -163.022400, 9.009247
1392, -11.950447, -157.782196, 13.870239
1393, -44.016602, -149.276627, 17.906021
1394, -71.045418, -131.411041, 21.574371
1395, -99.177216, -108.940872, 22.463745
1396, -112.781349, -84.029938, 9.930374
1397, -105.184174, -104.300461, -10.005722
1398, -80.197510, -126.257721, -15.180222
1399, -53.548355, -146.575287, -17.974625
1400, -24.683632, -161.872589, -20.830185
1401, 9.922020, -166.708664, -23.813278
1402, 44.701393, -167.363174, -26.865494
1403, 75.413689, -154.749863, -30.113495
1404, 100.538017, -129.984787, -34.821030
1405, 115.552612, -101.246979, -35.345795
1406, 123.054482, -65.035004, -36.891083
1407, 126.185265, -32.860382, -35.674820
1408, -66.259491, -101.171562, 178.716995
1409, -45.772537, -128.145935, 177.774246
1410, -20.262657, -150.777374, 176.951431
1411, 10.206169, -167.266083, 172.856888
1412, 44.983391, -169.675537, 167.642288
1413, 80.035713, -167.260223, 163.448685
1414, 105.311066, -141.108429, 161.545639
1415, 119.610260, -111.607254, 159.919876
1416, 123.849426, -77.365082, 158.317551
1417, 124.341866, -42.802490, 162.990250
1418, 119.875252, -14.901400, 180.776505
1419, 123.635201, -44.025055, 196.091202
1420, 125.652184, -75.394669, 192.501572
1421, 120.979996, -110.358978, 189.462906
1422, 106.527641, -143.271210, 188.914566
1423, 83.129280, -168.939575, 188.137436
1424, 49.189964, -177.433731, 193.657547
1425, 16.550865, -171.307297, 199.624313
1426, -10.351753, -153.955688, 205.612228
1427, -32.297607, -127.507507, 207.998093
1428, -59.231117, -107.611481, 208.057877
1429, -78.779305, -79.324173, 210.414932
1430, -71.907661, -73.989281, 242.360733
1431, -63.411186, -72.943199, 275.869812
1432, -57.031342, -68.827087, 307.751465
1433, -50.703167, -65.134636, 340.210815
1434, -43.037457, -63.220261, 373.481628
1435, -32.372597, -62.925453, 405.390503
1436, -23.083313, -77.026627, 403.598633
1437, -13.794037, -91.127808, 401.806702
1438, -21.528366, -92.596130, 368.808289
1439, -29.607018, -92.713837, 337.070190
1440, -37.408691, -93.741875, 303.446289
1441, -48.197762, -98.325745, 271.942627
1442, -35.866211, -106.245026, 241.795059
1443, -22.206680, -120.490341, 269.377686
1444, -11.944389, -118.812729, 302.482605
1445, -2.715325, -116.310822, 332.962097
1446, 4.676514, -116.446404, 365.429016
1447, 8.796120, -118.958771, 398.374878
1448, 17.389961, -132.351837, 395.965698
1449, 25.983803, -145.744888, 393.556519
1450, 25.456757, -140.507050, 359.733948
1451, 22.146088, -136.883240, 326.906494
1452, 10.715477, -141.170670, 294.874573
1453, 4.906548, -140.953537, 262.123291
1454, 17.157951, -152.443558, 258.361450
1455, 29.409332, -163.933533, 254.599655
1456, 37.341484, -160.729675, 286.274536
1457, 42.871666, -162.136047, 319.550232
1458, 45.090538, -162.556702, 350.750549
1459, 44.828857, -168.909271, 385.946716
1460, 46.518456, -162.934692, 416.958130
1461, 63.715858, -185.177917, 417.756165
1462, 57.957298, -190.570862, 381.231689
1463, 55.112663, -187.744934, 348.532043
1464, 59.782303, -182.265244, 315.880066
1465, 59.587669, -174.612625, 283.742554
1466, 55.917114, -171.631027, 248.935104
1467, 52.933113, -167.963531, 217.263626
1536, -196.864975, 289.417297, 200.583328
1537, -187.076508, 268.489014, 173.020065
1538, -157.939194, 276.036713, 156.220413
1539, -128.801865, 283.584534, 139.420731
1540, -107.387993, 311.329041, 142.175247
1541, -104.552223, 343.735260, 157.549942
1542, -117.405235, 370.583893, 174.591324
1543, -149.612808, 378.799683, 190.400467
1544, -179.729813, 367.125671, 192.373917
1545, -205.402908, 346.092590, 177.919846
1546, -212.239838, 322.443085, 153.525955
1547, -200.072876, 302.799347, 126.221085
1548, -172.083008, 304.079407, 101.839645
1549, -141.360733, 323.334045, 91.375015
1550, -122.989479, 350.406769, 98.873611
1551, -123.569664, 382.916016, 114.495132
1552, -142.606674, 406.092529, 133.350815
1553, -173.980209, 412.493164, 147.211929
1554, -207.150299, 396.972290, 145.237473
1555, -228.528427, 374.382507, 128.348068
1556, -233.168549, 349.375153, 101.042831
1557, -216.401855, 334.947876, 74.655899
1558, -184.201279, 339.011047, 54.969620
1559, -161.919876, 365.949860, 54.975662
1560, -139.638443, 392.888672, 54.981735
1561, -145.234360, 422.802185, 73.600723
1562, -166.661209, 443.333435, 89.460648
1563, -202.815323, 444.193024, 100.610825
1564, -233.492096, 428.317902, 96.376358
1565, -251.231049, 402.043274, 75.686203
1566, -245.667221, 379.374146, 48.736710
1567, -227.423279, 364.440491, 22.954727
1568, -193.829529, 385.063354, 5.989944
1569, -167.917313, 413.005707, 5.442688
1570, -162.384537, 444.466614, 19.684982
1571, -176.025040, 472.565918, 38.880463
1572, -208.661118, 470.277802, 48.642502
1573, -241.297195, 467.989685, 58.404556
1574, -261.260803, 445.467041, 41.737732
1575, -266.784851, 422.318298, 13.379593
1576, -249.069107, 406.420288, -11.261963
1577, -221.484192, 406.998718, -33.699005
1578, -190.702835, 438.585693, -34.809433
1579, -179.177444, 469.705933, -26.650070
1580, -194.394058, 500.866791, -11.947250
1581, -221.119034, 511.156158, 5.389877
1582, -258.039246, 505.317474, 9.985764
1583, -279.381744, 479.259857, -2.203537
1584, -285.941742, 456.432068, -27.292343
1585, -268.309204, 439.565857, -54.110641
1586, -244.342316, 438.946381, -75.321609
1587, -212.381302, 468.622711, -85.486687
1588, -198.338089, 500.195038, -74.869278
1589, -208.448135, 529.079224, -54.949219
1590, -234.802628, 543.694763, -39.453888
1591, -271.314545, 528.088257, -31.133286
1592, -293.813812, 503.765808, -45.026276
1593, -297.034363, 477.585236, -71.342346
1594, -278.270416, 466.447144, -101.283127
1595, -250.208817, 486.522644, -113.620583
1596, -222.147232, 506.598053, -125.958038
1597, -219.059067, 538.653076, -111.957115
1598, -236.019241, 562.507202, -89.418686
1599, -269.767761, 556.744873, -74.321762
1664, -141.961334, 239.878052, 373.765808
1665, -156.217453, 213.069153, 358.127502
1666, -149.813126, 190.145966, 330.589233
1667, -132.159851, 182.159119, 302.778809
1668, -112.221321, 173.855835, 277.461914
1669, -82.127571, 191.171173, 269.415222
1670, -52.033821, 208.486526, 261.368591
1671, -34.678505, 231.480469, 278.771179
1672, -35.505867, 255.691528, 305.549805
1673, -54.808220, 275.526794, 327.138123
1674, -86.585060, 280.671570, 340.229004
1675, -120.584648, 278.953186, 346.889404
1676, -151.026382, 260.642517, 343.737671
1677, -165.789566, 232.832031, 329.434387
1678, -162.875626, 205.284393, 307.520081
1679, -144.737564, 185.025314, 285.367920
1680, -117.976662, 181.107086, 267.544556
1681, -87.360313, 187.060654, 251.786514
1682, -56.719276, 211.759369, 251.779282
1683, -41.834709, 238.983215, 264.404358
1684, -44.501350, 266.183960, 283.658325
1685, -62.706108, 289.509705, 300.875122
1686, -93.904137, 301.028534, 312.560364
1687, -128.523270, 297.385803, 317.365295
1688, -156.451874, 276.621277, 316.596130
1689, -173.419235, 247.212708, 304.952576
1690, -172.909775, 216.903198, 285.393921
1691, -155.439560, 197.772186, 263.857788
1692, -123.735695, 194.654144, 244.531235
1693, -89.230675, 214.666321, 232.652603
1694, -69.018379, 236.886963, 233.257828
1695, -59.767586, 267.603394, 246.121811
1696, -68.726463, 296.382202, 264.113586
1697, -92.945717, 313.296997, 282.160217
1698, -129.375534, 309.408081, 292.856934
1699, -156.705368, 292.267548, 292.809570
1700, -177.251465, 264.661896, 281.874512
1701, -177.731384, 236.759338, 261.733521
1702, -160.086227, 216.813782, 239.167374
1703, -133.876266, 209.131439, 220.929703
1704, -97.890938, 233.485443, 210.262955
1705, -77.525383, 258.642548, 211.636887
1706, -71.142281, 288.846130, 224.197586
1707, -83.756050, 318.203491, 241.316177
1708, -112.906578, 327.828613, 257.857788
1709, -143.701584, 325.393372, 269.413208
1710, -172.575638, 303.883911, 267.452698
1711, -183.170425, 274.908539, 255.710464
1712, -182.703186, 246.505432, 232.285110
1713, -159.951889, 232.348328, 208.547256
1714, -129.307556, 236.219772, 190.417618
1715, -102.087929, 263.412231, 182.450089
1716, -86.283455, 292.420776, 190.205032
1717, -88.059563, 323.717651, 206.208237
1718, -107.597618, 344.767334, 223.129623
1719, -142.460281, 342.445374, 238.644455
1720, -171.007858, 324.937073, 243.570999
1721, -191.646820, 299.439697, 233.227188
1722, -194.708954, 269.371033, 213.187637
1723, -173.555679, 251.911682, 189.237625
1724, -145.003128, 249.470688, 169.940750
1725, -113.233681, 275.117767, 162.890823
1726, -97.208107, 305.846008, 169.431534
1727, -102.132835, 336.105286, 186.276260
1728, -121.668419, 362.558594, 198.769852
1729, -157.319199, 358.211670, 212.823257
1730, -184.982193, 339.977081, 213.302017
1731, -202.135071, 316.172791, 190.906815
1732, -204.524002, 293.468689, 165.688248
1733, -184.136917, 280.057434, 140.550186
1734, -153.462769, 287.036896, 120.410019
1735, -124.866798, 312.803467, 114.418808
1736, -113.017220, 345.103821, 123.803665
1737, -115.224388, 374.801941, 142.057693
1738, -140.767014, 392.897247, 159.073593
1739, -175.107376, 391.438477, 169.055252
1740, -205.578812, 375.472778, 164.633194
1741, -223.376022, 350.976196, 144.923447
1742, -223.633347, 329.291046, 118.765305
1743, -202.922073, 314.650085, 95.350571
1744, -173.973618, 323.152893, 75.560623
1745, -144.752228, 343.562042, 70.418442
1746, -128.972977, 375.188538, 77.960709
1747, -130.926529, 405.368683, 94.039078
1748, -153.620407, 425.834351, 111.145004
1749, -185.428391, 427.916870, 124.300919
1750, -218.416428, 414.338440, 122.187943
1751, -240.691391, 390.810242, 104.457199
1752, -242.187515, 365.342072, 80.596207
1753, -223.214279, 350.358948, 55.436935
1754, -193.298492, 353.340820, 32.971634
1755, -169.404770, 377.486633, 25.593796
1756, -149.468277, 407.332001, 31.228470
1757, -150.569809, 436.406769, 46.808578
1758, -168.337387, 458.016357, 66.214523
1759, -199.447983, 465.378754, 77.767838
1760, -232.702438, 453.546814, 76.886307
1761, -255.970810, 432.788269, 61.388626
1762, -257.224762, 406.320068, 36.252991
1763, -239.738251, 389.754150, 11.220932
1764, -210.087418, 387.237000, -10.428787
1765, -188.135635, 413.459290, -19.068466
1766, -170.981277, 444.262665, -16.122620
1767, -174.289322, 477.346283, 1.311310
1768, -204.042252, 483.028625, 17.436920
1769, -233.795212, 488.710938, 33.562531
1770, -264.903503, 474.247101, 26.639114
1771, -279.925293, 448.457214, 2.857101
1772, -272.489929, 428.818024, -23.026642
1773, -248.125565, 418.594727, -47.807785
1774, -211.249588, 440.747223, -60.626999
1775, -194.551407, 467.319824, -54.079483
1776, -193.084488, 498.940521, -37.246689
1777, -212.516190, 522.045288, -23.240524
1778, -247.094955, 525.875122, -12.102264
1779, -277.084900, 511.101654, -18.096664
1780, -296.505798, 485.556458, -39.795105
1781, -290.793671, 462.713745, -64.447067
1782, -271.568970, 449.094147, -90.072769
1783, -233.475174, 472.229858, -105.134659
1784, -211.385483, 499.241760, -101.944000
1785, -210.771683, 528.757019, -86.170532
1786, -231.162155, 553.529907, -67.571304
1787, -268.095642, 550.890015, -54.250000
1788, -297.424652, 534.241455, -57.447464
1789, -313.728638, 508.086304, -80.476852
1790, -301.678345, 486.978638, -106.953178
1791, -279.351501, 482.642395, -135.046387
1792, 210.369003, -285.888245, 273.042908
1793, 197.479233, -309.186035, 284.880859
1794, 171.221619, -324.111481, 279.114258
1795, 146.787796, -329.667816, 258.912048
1796, 130.593643, -317.541382, 227.815872
1797, 140.736572, -296.431885, 200.449997
1798, 158.278763, -276.832520, 182.448196
1799, 189.154205, -271.754272, 186.195328
1800, 224.087814, -282.603760, 200.453415
1801, 234.386795, -308.857361, 220.714127
1802, 227.245804, -336.156860, 239.214615
1803, 200.907028, -351.128204, 230.185104
1804, 174.568222, -366.099548, 221.155594
1805, 152.734146, -360.897522, 195.042191
1806, 151.746811, -340.111450, 165.344681
1807, 167.258545, -320.304626, 141.605637
1808, 193.290115, -304.784180, 133.592361
1809, 229.081482, -302.310669, 138.005569
1810, 252.684891, -319.126404, 162.238419
1811, 256.481354, -347.776123, 183.938431
1812, 239.363770, -376.234009, 199.950577
1813, 222.246582, -400.222473, 198.246506
1814, 194.985794, -406.186462, 178.668533
1815, 174.712540, -400.402710, 151.490433
1816, 170.994690, -384.644836, 117.740311
1817, 190.444443, -364.528137, 97.846268
1818, 216.396866, -346.704010, 90.912613
1819, 247.161774, -344.244629, 100.153519
1820, 272.046143, -364.169434, 124.716629
1821, 278.358215, -391.286163, 145.889114
1822, 265.936462, -422.345581, 155.373489
1823, 235.983002, -442.890900, 154.074295
1824, 210.583389, -450.014465, 135.646133
1825, 191.233231, -441.323303, 105.017166
1826, 189.173752, -420.502136, 75.750259
1827, 207.343582, -400.871033, 50.937668
1828, 233.415268, -384.915070, 47.621262
1829, 262.790131, -388.680359, 63.039871
1830, 275.776184, -412.227905, 86.132950
1831, 288.762329, -435.775482, 109.225998
1832, 281.267212, -470.509338, 119.423843
1833, 254.087051, -484.691467, 111.361954
1834, 226.863846, -488.482483, 86.505661
1835, 211.500534, -479.153046, 55.473221
1836, 217.771622, -457.474976, 28.752716
1837, 236.243668, -437.779175, 9.694443
1838, 269.772064, -426.833130, 12.502701
1839, 299.338165, -429.016022, 28.661789
1840, 314.477142, -451.516479, 55.026627
1841, 304.335419, -482.486877, 68.107803
1842, 285.404297, -501.359070, 63.568405
1843, 266.473145, -520.231201, 59.028976
1844, 243.920761, -516.373474, 33.416855
1845, 232.400314, -498.847961, 0.741074
1846, 253.569321, -477.748230, -21.501099
1847, 279.830505, -463.593536, -23.279007
1848, 309.662750, -464.933716, -10.234192
1849, 327.191193, -485.543335, 12.285873
1850, 329.478882, -514.519287, 30.648087
1851, 322.049622, -546.522949, 40.557404
1852, 290.889709, -558.350830, 29.014343
1853, 268.602539, -553.617737, 2.199310
1854, 260.563080, -531.020203, -26.099365
1855, 267.808655, -503.760315, -48.039368
1856, 80.960472, -203.680786, 403.953674
1857, 59.281395, -201.571625, 377.742981
1858, 59.925392, -197.034546, 343.224792
1859, 69.184669, -192.024979, 312.173828
1860, 81.615204, -186.033493, 281.994080
1861, 108.605453, -169.177628, 279.813171
1862, 135.595688, -152.321762, 277.632263
1863, 157.818344, -149.228119, 302.566895
1864, 169.909378, -158.098465, 334.950928
1865, 174.059402, -171.903336, 365.460205
1866, 167.574142, -193.967468, 392.095520
1867, 143.761993, -214.266983, 396.533142
1868, 119.949867, -234.566498, 400.970764
1869, 93.513542, -234.815002, 381.473938
1870, 69.324760, -229.447479, 351.086426
1871, 68.226982, -213.616592, 321.429260
1872, 79.670586, -197.227646, 292.070496
1873, 103.143532, -182.316467, 269.706238
1874, 129.268417, -168.794678, 270.644409
1875, 161.153824, -162.309998, 286.680359
1876, 180.772385, -167.995819, 315.657776
1877, 186.369095, -185.816284, 345.315002
1878, 178.280792, -211.530884, 368.828430
1879, 153.307632, -231.991638, 373.415100
1880, 128.334457, -252.452423, 378.001770
1881, 98.101326, -253.737549, 359.888245
1882, 79.853416, -243.676788, 333.284973
1883, 73.634743, -224.871368, 303.418396
1884, 87.853905, -206.808380, 277.383423
1885, 107.697372, -189.655136, 261.992920
1886, 143.196747, -177.662567, 266.956299
1887, 173.274643, -179.060593, 287.344055
1888, 191.487411, -192.829376, 313.442566
1889, 191.997391, -216.436249, 339.650757
1890, 181.693619, -243.768311, 355.821716
1891, 151.196945, -264.078064, 356.358276
1892, 119.110497, -267.440033, 344.136719
1893, 95.229851, -257.111633, 321.705505
1894, 86.681114, -238.721527, 290.162048
1895, 98.268242, -221.205872, 264.367126
1896, 119.095444, -204.715485, 250.781479
1897, 155.435104, -193.620743, 255.215775
1898, 185.610596, -197.843658, 274.540100
1899, 199.097183, -217.301544, 302.507690
1900, 197.397568, -242.719818, 325.176086
1901, 174.749512, -267.197083, 336.475037
1902, 143.778488, -282.578308, 332.336609
1903, 114.042961, -279.368469, 311.792969
1904, 102.080315, -263.232056, 283.215820
1905, 105.992943, -241.035522, 257.651062
1906, 121.464470, -219.532074, 239.079971
1907, 159.536423, -208.751465, 238.545364
1908, 190.198959, -217.531464, 252.946823
1909, 208.453812, -235.852112, 278.305359
1910, 206.634537, -261.487244, 304.588379
1911, 187.025436, -283.634705, 318.465820
1912, 154.400711, -297.561218, 315.461609
1913, 124.656075, -294.507019, 296.791748
1914, 109.184868, -279.118347, 266.287537
1915, 114.701729, -257.437744, 238.950607
1916, 130.423660, -237.677490, 219.343399
1917, 165.271500, -226.987183, 218.702896
1918, 197.965424, -232.663757, 233.007614
1919, 212.101974, -260.020020, 255.877487
1984, 158.592178, -311.995453, 296.305298
1985, 129.357391, -308.595642, 276.501404
1986, 115.265404, -295.680603, 246.047989
1987, 122.576744, -278.442932, 218.071701
1988, 137.227219, -258.523712, 196.665665
1989, 173.808624, -246.560394, 197.120560
1990, 202.844223, -251.133789, 211.767960
1991, 224.409500, -271.433777, 233.151382
1992, 224.225571, -299.968994, 252.711624
1993, 210.208038, -330.035278, 262.660767
1994, 181.122849, -346.280182, 254.320145
1995, 155.292679, -349.586731, 231.930771
1996, 138.579361, -333.437256, 199.701187
1997, 143.712967, -314.591583, 172.354904
1998, 162.192795, -294.135010, 154.884048
1999, 199.042465, -285.079895, 157.679398
2000, 230.829559, -293.786438, 171.593582
2001, 244.295242, -319.031128, 195.043289
2002, 237.691391, -346.668427, 212.840469
2003, 220.824905, -376.576233, 219.195755
2004, 190.300430, -386.780731, 206.376114
2005, 167.355270, -382.007935, 181.017166
2006, 158.545059, -365.234009, 147.322769
2007, 173.242386, -343.011383, 123.358627
2008, 196.607773, -326.044281, 111.517654
2009, 231.420425, -322.693207, 118.388016
2010, 257.639648, -336.054352, 141.946487
2011, 263.574463, -364.414978, 164.469772
2012, 249.901215, -394.621887, 178.467117
2013, 231.661728, -420.176941, 175.694656
2014, 204.560989, -424.986633, 157.049515
2015, 184.378189, -417.803528, 125.961929
2016, 181.727097, -397.735779, 94.373917
2017, 202.233017, -378.941528, 73.238113
2018, 230.598892, -365.106995, 70.524948
2019, 261.666504, -367.460754, 82.992477
2020, 273.533081, -392.504608, 107.344772
2021, 285.399658, -417.548462, 131.697037
2022, 270.049500, -448.323273, 138.470352
2023, 239.726669, -462.582581, 129.607742
2024, 215.118576, -461.678772, 102.971634
2025, 203.296280, -449.967560, 69.888443
2026, 213.529373, -429.753601, 41.008011
2027, 234.902100, -410.216614, 26.248428
2028, 272.160431, -405.282471, 32.274841
2029, 301.097565, -420.108521, 57.813950
2030, 300.578308, -445.716980, 82.050735
2031, 294.741180, -475.721802, 96.630722
2032, 270.099792, -499.314636, 92.151627
2033, 242.868118, -504.536957, 68.113419
2034, 229.017624, -492.269531, 36.670563
2035, 233.024551, -471.158203, 8.785828
2036, 254.336655, -448.281982, -7.025604
2037, 287.560303, -449.233368, 5.088440
2038, 316.119385, -461.782837, 24.760345
2039, 321.134094, -491.251099, 45.176956
2040, 312.669708, -522.718140, 56.603683
2041, 285.420380, -538.935913, 45.894394
2042, 259.999695, -537.223206, 19.615799
2043, 252.253830, -520.809875, -12.564682
2044, 263.160522, -496.279297, -36.126999
2045, 287.642212, -485.188293, -36.541443
2046, 319.145569, -487.728638, -17.475327
2047, 332.327393, -509.632263, 1.804443
2048, 102.833527, -204.846252, 415.458069
2049, 135.646713, -199.449554, 419.231384
2050, 158.476578, -174.598526, 412.072144
2051, 158.461426, -155.582779, 382.799377
2052, 153.656509, -136.839691, 355.987488
2053, 149.608963, -118.705688, 326.253723
2054, 140.691315, -106.314117, 297.253906
2055, 130.151901, -97.763168, 266.198364
2056, 132.722031, -86.898788, 233.458420
2057, 129.349335, -75.500809, 236.436722
2058, 125.976677, -64.102829, 239.414993
2059, 128.542160, -77.713272, 270.414185
2060, 136.202377, -86.097229, 302.096313
2061, 143.862640, -94.481186, 333.778503
2062, 151.450256, -106.116318, 364.059631
2063, 153.829422, -124.254211, 394.152222
2064, 148.290054, -141.729370, 421.157288
2065, 128.252747, -163.593445, 432.562317
2066, 108.215462, -185.457458, 443.967346
2067, 76.809761, -192.558746, 440.121765
2068, 91.769356, -170.006409, 448.096680
2069, 107.022316, -144.811630, 446.175842
2070, 121.534584, -118.682480, 434.489502
2071, 125.762505, -97.928375, 406.044250
2072, 129.653290, -75.073898, 385.660461
2073, 107.279625, -45.716873, 378.311951
2074, 95.246368, -14.635431, 372.480103
2075, 81.894173, 13.439226, 370.634521
2076, 65.079124, 43.501854, 371.011108
2077, 46.947659, 72.090462, 371.527405
2078, 23.643105, 99.609589, 373.220215
2079, 5.372047, 127.629982, 371.366577
2080, -11.331253, 146.269043, 394.405518
2081, -26.907578, 156.968201, 425.337219
2082, -45.575333, 170.754456, 445.537048
2083, -74.004684, 174.222778, 446.760620
2084, -104.306465, 153.545471, 441.785828
2085, -124.923775, 123.239761, 435.186401
2086, -95.399017, 141.862762, 444.470398
2087, -67.356255, 155.578079, 451.938354
2088, -35.899635, 165.276611, 443.482544
2089, -6.101105, 151.368500, 434.936096
2090, 12.258606, 123.820885, 428.966492
2091, 24.217472, 93.394058, 422.135681
2092, 35.865936, 60.821136, 417.476746
2093, 47.084347, 31.410086, 417.661926
2094, 64.899147, 3.444830, 420.150818
2095, 86.469063, -20.795481, 422.482544
2096, 100.501205, -50.154793, 436.879150
2097, 106.505569, -83.268845, 447.900452
2098, 100.455193, -114.142456, 457.312805
2112, 118.254539, -7.559145, 124.851700
2113, 127.651253, -41.400208, 123.945328
2114, 128.176682, -76.651123, 123.867294
2115, 118.763527, -107.234375, 122.882492
2116, 100.052162, -136.072723, 129.274612
2117, 75.742500, -160.270477, 132.398514
2118, 43.293282, -168.511002, 139.112015
2119, 9.101723, -163.216217, 143.104355
2120, -20.702873, -147.504242, 149.936783
2121, -49.878815, -128.331635, 153.406143
2122, -72.344749, -105.024399, 153.002213
2123, -87.354301, -86.122475, 136.042801
2124, -73.589111, -108.999748, 120.766678
2125, -48.307060, -131.278061, 118.674759
2126, -18.088554, -147.654236, 113.954544
2127, 10.758202, -161.472534, 111.505783
2128, 44.380791, -163.765533, 106.680527
2129, 77.705940, -151.991943, 103.003464
2130, 101.400352, -127.717499, 99.294052
2131, 117.939919, -97.909393, 95.816910
2132, 121.399498, -63.120544, 96.011368
2133, 118.755058, -27.839197, 98.996048
2134, 104.767159, -0.250025, 97.304428
2135, 96.086021, 34.073387, 95.610550
2136, 76.282593, 61.092285, 90.384872
2137, 57.647945, 87.288826, 94.705124
2138, 35.735664, 117.202110, 100.667130
2139, 12.092270, 139.456818, 99.385941
2140, -16.560150, 157.363815, 92.219467
2141, -50.104851, 158.492355, 86.662918
2142, -86.181244, 150.590134, 90.040237
2143, -107.712013, 125.282669, 97.472672
2144, -119.947952, 95.601456, 104.801010
2145, -130.517181, 64.532684, 112.762955
2146, -136.409988, 29.777647, 114.247604
2147, -131.990250, -2.830416, 119.303787
2148, -123.672127, -35.166420, 116.045731
2149, -114.254715, -58.548210, 96.996872
2150, -129.870041, -33.629723, 85.386917
2151, -138.711319, 0.342855, 84.589066
2152, -139.915070, 33.275284, 82.064896
2153, -137.408051, 67.660385, 80.092972
2154, -124.057251, 99.589310, 72.142105
2155, -106.247231, 127.185226, 65.580887
2156, -82.612236, 150.267471, 58.550613
2157, -48.554527, 157.860779, 51.318710
2158, -15.646034, 156.768585, 50.806442
2159, 13.676598, 138.365509, 50.589188
2160, 38.718307, 112.203812, 51.231827
2161, 65.834846, 87.582611, 53.391495
2162, 84.231392, 62.355217, 55.874344
2163, 99.583992, 32.490059, 58.034012
2164, 110.930420, 2.400099, 51.889633
2165, 118.791664, -30.665720, 51.565536
2166, 120.042488, -64.304443, 53.809341
2167, 115.981239, -96.876724, 58.039597
2168, 100.125565, -127.005997, 67.126144
2169, 74.846291, -147.883118, 72.810928
2170, 42.832611, -161.501083, 77.712112
2171, 9.677711, -159.252777, 81.641403
2172, -23.698029, -150.044739, 85.458694
2173, -53.436554, -134.505173, 89.010696
2174, -77.304665, -111.304092, 91.090408
2175, -100.013313, -87.054787, 92.793228
2368, -124.967827, 29.204039, 266.726257
2369, -121.134544, 37.480057, 302.712646
2370, -120.781174, 36.144379, 335.309265
2371, -110.858879, 43.896530, 367.800598
2372, -108.080284, 47.520920, 398.868469
2373, -110.767403, 63.240639, 402.031128
2374, -113.454514, 78.960342, 405.193787
2375, -114.713730, 79.924164, 371.869324
2376, -115.021698, 78.178345, 339.022705
2377, -119.517464, 72.919373, 305.369324
2378, -120.349419, 69.864471, 271.631836
2379, -120.600540, 83.305222, 242.685684
2380, -126.259964, 101.245331, 270.748718
2381, -120.676308, 102.692825, 304.014160
2382, -117.531212, 104.308914, 335.749146
2383, -117.552788, 109.408508, 369.073181
2384, -122.604469, 113.442062, 400.295227
2385, -123.030693, 119.052902, 423.062561
2386, -126.662445, 137.992294, 398.171753
2387, -120.005287, 138.212784, 368.204712
2388, -119.987923, 135.669098, 334.543884
2389, -119.165154, 133.982605, 302.235535
2390, -124.653763, 131.433380, 269.223145
2391, -126.442314, 126.300507, 236.875992
2392, -109.641678, 143.741287, 216.416824
2393, -89.619698, 168.592773, 208.193558
2394, -84.992683, 172.667999, 238.801620
2395, -94.138947, 168.921555, 269.333008
2396, -103.285225, 165.175110, 299.864441
2397, -110.372894, 165.092743, 333.476318
2398, -123.145523, 166.698593, 364.635376
2399, -128.405869, 166.171967, 398.750183
2400, -125.507950, 172.354538, 431.401306
2401, -95.056419, 184.042999, 436.311646
2402, -64.604897, 195.731415, 441.221924
2403, -42.250221, 183.142929, 427.467468
2404, -23.799812, 175.155945, 396.570007
2405, -15.885948, 170.975235, 367.708923
2406, -12.242943, 170.022629, 334.119690
2407, -8.599937, 169.069962, 300.530518
2408, -10.174706, 163.750900, 266.608521
2409, -18.173531, 170.023560, 247.907242
2410, -26.172340, 176.296204, 229.205978
2411, -24.072487, 177.352966, 263.130798
2412, -9.883293, 179.100220, 293.393799
2413, -7.148643, 181.389679, 327.516418
2414, -4.413994, 183.679108, 361.638977
2415, -19.563042, 201.733765, 386.391418
2416, -45.896538, 212.461395, 407.504272
2417, -72.321510, 221.530579, 416.749634
2418, -104.517365, 213.158234, 421.441101
2419, -130.573593, 195.113113, 409.957336
2420, -156.629837, 177.067993, 398.473511
2421, -142.104904, 207.467484, 391.692017
2422, -123.240440, 233.695953, 398.493469
2423, -93.402916, 249.539871, 396.389526
2424, -60.128670, 248.881561, 386.271057
2425, -34.486473, 234.073563, 369.977844
2426, -18.842064, 210.338409, 353.231506
2427, -22.119530, 217.292709, 340.439270
2428, -25.397011, 224.247009, 327.647034
2429, -45.474281, 247.346268, 343.969666
2430, -73.044197, 263.208099, 356.797546
2431, -103.941856, 273.261780, 368.985718
2432, 4.212593, 174.427048, -155.368423
2433, 33.381966, 160.323700, -157.421753
2434, 62.142273, 143.740402, -154.859619
2435, 87.597504, 123.363297, -172.000916
2436, 65.627861, 143.240616, -188.880356
2437, 36.071243, 160.225723, -185.478546
2438, 8.220360, 177.274704, -185.490112
2439, -23.784203, 191.983841, -187.084518
2440, -57.484604, 190.763672, -188.197433
2441, -91.409531, 184.084427, -186.532394
2442, -117.755394, 159.837158, -186.608368
2443, -142.866714, 142.029114, -184.051117
2444, -159.722519, 111.220245, -181.099213
2445, -170.294327, 79.324860, -174.979706
2446, -171.963867, 43.977585, -170.252609
2447, -164.444717, 11.369261, -166.797470
2448, -155.055771, -19.541262, -164.321136
2449, -139.270691, -50.406944, -161.172226
2450, -127.080200, -70.824745, -177.626022
2451, -138.412735, -46.420609, -194.027145
2452, -150.304794, -15.230013, -199.875305
2453, -161.963150, 14.854307, -207.580170
2454, -170.447678, 47.703247, -210.469604
2455, -170.384949, 82.683228, -214.036987
2456, -157.648880, 114.312378, -213.298889
2457, -139.080978, 142.413361, -214.064453
2458, -114.756088, 165.301025, -215.752289
2459, -88.179756, 189.844009, -216.838303
2460, -55.573845, 195.626389, -218.566559
2461, -20.882286, 192.479507, -218.623810
2462, 9.869789, 179.942566, -215.253723
2463, 38.423820, 161.462234, -214.938782
2464, 64.529060, 139.980270, -215.862717
2465, 88.593651, 120.503998, -233.183014
2466, 61.230438, 141.876648, -247.241547
2467, 35.826912, 162.113861, -249.096497
2468, 7.821495, 181.437057, -251.115387
2469, -24.101128, 190.811508, -250.702560
2470, -61.542549, 194.044891, -251.333221
2471, -92.317619, 185.697784, -249.971924
2472, -122.406639, 170.681305, -247.569748
2473, -146.853989, 145.379669, -243.851227
2474, -162.855820, 114.334061, -244.023132
2475, -171.495010, 81.968414, -239.535400
2476, -170.057632, 49.588470, -234.342514
2477, -161.938034, 15.012632, -231.725754
2478, -147.823822, -14.918619, -229.333221
2479, -133.802261, -44.562279, -227.348557
2480, -113.460197, -58.969017, -246.350800
2481, -130.531082, -40.255257, -258.278656
2482, -148.531082, -11.766138, -263.937317
2483, -164.847382, 16.856932, -265.313293
2484, -176.165176, 50.916626, -265.350739
2485, -177.651382, 83.725555, -265.966370
2486, -168.125549, 115.716721, -267.434448
2487, -148.359146, 145.415604, -269.050415
2488, -123.018974, 170.322632, -273.848236
2489, -95.286697, 185.611328, -279.482056
2490, -61.482437, 192.280762, -279.309540
2491, -27.646492, 190.399048, -279.689636
2492, 5.443733, 181.950653, -278.865326
2493, 34.622948, 162.798676, -276.741974
2494, 55.899086, 140.506943, -276.402954
2495, 77.546448, 114.202759, -274.872192
2496, -21.047722, 185.240356, -158.749496
2497, -55.842949, 187.508377, -158.284851
2498, -87.557518, 179.614395, -155.650223
2499, -115.779381, 158.884659, -153.655914
2500, -140.885086, 138.169922, -151.260162
2501, -161.357346, 108.921509, -143.787155
2502, -168.748672, 77.448120, -136.791656
2503, -173.563385, 43.444763, -133.242767
2504, -167.340637, 9.737318, -130.483688
2505, -156.147400, -22.325006, -129.229126
2506, -146.384323, -51.698532, -129.879303
2507, -134.181686, -73.712814, -112.431366
2508, -147.989792, -48.137215, -101.169586
2509, -157.664948, -16.039827, -100.211365
2510, -164.158829, 18.993956, -99.820793
2511, -166.417770, 52.903641, -102.017303
2512, -162.972000, 86.687393, -108.997345
2513, -150.385498, 117.933533, -115.670609
2514, -132.470428, 143.649475, -120.775261
2515, -106.712288, 167.137375, -126.694519
2516, -77.375023, 181.811371, -127.243286
2517, -41.960136, 183.772552, -126.850418
2518, -10.279915, 175.759369, -128.072968
2519, 21.313408, 163.285492, -128.250656
2520, 49.859306, 146.198563, -130.148651
2521, 67.933624, 127.423729, -121.129486
2522, 52.243767, 137.072052, -99.341125
2523, 25.201019, 153.971298, -98.070351
2524, -5.945747, 171.322098, -96.346039
2525, -39.782623, 176.542511, -96.409760
2526, -72.383842, 172.794403, -96.258743
2527, -106.084312, 162.792160, -92.516693
2528, -130.499100, 139.508759, -87.777184
2529, -147.413452, 111.415497, -81.291794
2530, -156.225357, 77.380447, -78.833450
2531, -162.075546, 43.385376, -77.016022
2532, -158.318817, 9.113111, -73.718033
2533, -153.598114, -23.150797, -70.877579
2534, -143.349152, -55.911377, -69.366653
2535, -136.142014, -60.287903, -38.727371
2536, -146.739822, -31.877726, -34.285843
2537, -155.693100, 2.054739, -39.793091
2538, -155.678757, 35.788971, -44.739456
2539, -151.898804, 68.012573, -47.781998
2540, -141.216034, 102.114532, -51.018631
2541, -124.884323, 132.242966, -54.352310
2542, -100.474251, 156.833252, -61.334900
2543, -66.639259, 166.256226, -66.365097
2544, -33.576408, 165.330078, -68.153183
2545, -0.083412, 157.622452, -72.808411
2546, 29.140450, 143.488434, -69.544266
2547, 49.629105, 120.297218, -64.251175
2548, 41.861366, 124.362518, -43.166306
2549, 11.716217, 138.911499, -40.287659
2550, -18.428940, 153.460464, -37.408997
2551, -52.705421, 158.101700, -36.565750
2552, -86.414642, 154.752106, -32.573868
2553, -116.363075, 136.973740, -28.897949
2554, -133.544830, 106.883331, -22.161057
2555, -142.300369, 76.539246, -18.617828
2556, -157.015335, 43.113220, -16.637741
2557, -156.790070, 9.306791, -13.403381
2558, -147.628067, -20.897303, -10.672699
2559, -134.689529, -53.959320, -5.939056
2560, -137.321091, -5.585019, 659.453674
2561, -156.209656, -19.013020, 650.252380
2562, -176.438202, -32.898632, 644.265869
2563, -196.510132, -48.061714, 638.884949
2564, -215.499298, -62.614323, 636.880920
2565, -240.316681, -76.686806, 630.962463
2566, -259.764374, -93.070671, 628.022156
2567, -286.799103, -106.414291, 617.184326
2568, -265.522888, -113.291862, 635.842957
2569, -239.316895, -100.948448, 643.258972
2570, -215.982788, -87.511711, 648.187988
2571, -196.485626, -72.371277, 651.514099
2572, -179.672150, -56.968327, 653.721802
2573, -159.060516, -44.738693, 659.476074
2574, -139.332306, -30.516121, 666.113220
2575, -15.729314, 137.954468, 693.888062
2576, -38.956142, 130.554306, 692.421509
2577, -64.608398, 123.018745, 687.212952
2578, -83.338943, 107.960274, 681.899475
2579, -101.553452, 92.679619, 667.950928
2580, -113.059334, 74.773170, 660.388611
2581, -130.812683, 59.410915, 651.231079
2582, -148.571411, 43.469196, 641.249512
2583, -163.309845, 25.547245, 630.402954
2584, -179.190369, 7.853480, 618.228821
2585, -194.724655, -9.380746, 609.010376
2586, -213.583313, -25.771408, 600.040466
2587, -235.522339, -40.006138, 593.693542
2588, -257.442139, -54.150166, 587.052856
2589, -282.509674, -67.506828, 576.991760
2590, -290.027252, -89.600426, 569.319946
2591, -288.422668, -115.955482, 558.931152
2592, -291.458496, -140.822144, 544.912292
2593, -261.927490, -168.062424, 546.559753
2594, -238.417206, -176.416428, 556.231567
2595, -218.700104, -186.253754, 562.260498
2596, -193.810760, -186.656082, 573.449585
2597, -169.065338, -166.123352, 584.021973
2598, -146.189835, -157.191406, 591.403625
2599, -122.195572, -153.272934, 596.133057
2600, -100.091454, -145.599716, 605.012146
2601, -76.584923, -141.824005, 615.944763
2602, -55.475857, -143.139313, 627.560425
2603, -33.072514, -137.319885, 640.999756
2604, -11.341382, -129.811554, 652.003845
2605, 9.795100, -122.009911, 662.628601
2606, 29.712109, -119.763756, 675.204041
2607, 52.405910, -119.283272, 686.730774
2608, 74.790413, -105.651611, 695.513306
2609, 96.037315, -98.323639, 701.427795
2610, 112.029900, -71.201096, 710.305786
2611, -73.171234, -100.463448, 662.214722
2612, -92.142036, -107.808807, 652.039185
2613, -113.934357, -120.472450, 644.528564
2614, -136.353867, -128.071304, 638.546204
2615, -158.498734, -138.189575, 633.228516
2616, -181.496918, -150.463501, 627.837219
2617, -205.557220, -162.817169, 620.981079
2618, -232.139221, -179.186890, 612.175720
2624, -275.045013, -126.744911, 531.563293
2625, -279.509308, -108.956444, 538.259216
2626, -280.399231, -85.539261, 546.227661
2627, -276.052338, -60.224796, 555.569031
2628, -255.366974, -45.454342, 567.325073
2629, -234.375427, -30.920967, 575.448669
2630, -214.075928, -13.287477, 582.287231
2631, -197.572678, 1.472362, 590.493408
2632, -181.641190, 19.929401, 601.833618
2633, -168.292816, 40.442020, 614.275696
2634, -155.792725, 58.324490, 626.544800
2635, -139.261063, 75.889618, 637.144531
2636, -120.324661, 92.247292, 646.611877
2637, -101.163689, 105.622047, 654.500916
2638, -81.396317, 121.816719, 660.595825
2639, -58.527752, 134.343933, 667.340820
2640, -31.485744, 140.214600, 672.213013
2641, -9.692937, 145.144089, 673.674377
2642, -199.658051, 9.014377, 575.279053
2643, -184.140350, 30.720608, 582.336548
2644, -174.126312, 52.526180, 589.283447
2645, -163.027985, 76.222229, 595.814026
2646, -143.586014, 94.331139, 602.290527
2647, -133.510391, 118.781349, 606.580627
2648, -111.877075, 132.768448, 613.841797
2649, -86.420891, 144.164124, 620.629517
2650, -67.374741, 160.377075, 625.534180
2651, -39.604828, 166.849258, 631.318604
2652, -13.871839, 171.641068, 630.150696
2653, 8.360805, 159.444595, 550.876709
2654, -17.556454, 158.409592, 547.728149
2655, -42.312138, 146.888947, 546.698547
2656, -66.750656, 138.658218, 537.008606
2657, -89.352066, 127.064781, 528.316895
2658, -102.623886, 106.302223, 527.206970
2659, -119.123489, 85.544884, 523.256836
2660, -128.882401, 62.370296, 523.018127
2661, -139.386215, 41.631718, 522.031921
2662, -154.726685, 19.671223, 515.791016
2663, -166.720856, 0.929824, 513.615540
2664, -180.416016, -18.453472, 510.364471
2665, -196.474121, -36.680790, 508.397461
2666, -212.528839, -55.238697, 507.357635
2667, -229.089111, -76.368568, 503.945129
2668, -237.918671, -100.574364, 506.422882
2669, -249.559387, -125.194252, 503.502258
2670, -228.838562, -139.296082, 507.974823
2671, -199.239899, -132.836761, 502.119324
2672, -173.315674, -135.453491, 498.567230
2673, -148.854691, -128.795410, 502.665985
2674, -125.493118, -123.310616, 506.383087
2675, -100.732735, -121.473183, 510.958984
2676, -77.001320, -120.194023, 514.797729
2677, -52.812885, -118.132668, 521.135986
2678, -26.783882, -111.202850, 524.118286
2679, -4.777196, -121.585854, 525.973755
2680, 16.930042, -125.518684, 530.459717
2681, 43.392841, -123.843040, 534.388977
2682, 68.308235, -117.170311, 537.997498
2683, 89.010811, -105.553764, 548.694946
2684, 109.476357, -92.133629, 558.502808
2685, 131.938293, -81.354027, 564.432861
2686, 149.897217, -67.580101, 569.627686
2688, 0.751323, 170.877029, 590.229065
2689, -26.268227, 168.198441, 585.501465
2690, -47.267097, 155.073395, 584.256958
2691, -69.762871, 144.036240, 576.462646
2692, -94.871185, 133.284409, 568.844543
2693, -115.866974, 120.616158, 562.289551
2694, -128.111954, 96.440941, 561.396606
2695, -142.795090, 75.756744, 557.078369
2696, -157.302826, 55.298557, 551.195496
2697, -173.961044, 34.788212, 545.839478
2698, -193.552887, 15.103026, 537.781189
2699, -210.628815, -3.835755, 532.374695
2700, -228.879791, -21.493118, 528.447327
2701, -245.534607, -40.371902, 524.797852
2702, -259.561371, -62.357334, 521.102783
2703, -272.020569, -91.824181, 522.400818
2704, -198.542358, -178.914841, 514.957275
2705, -168.062485, -171.630203, 514.865051
2706, -141.599030, -165.559906, 519.860901
2707, -115.628723, -160.381409, 526.216064
2708, -91.475983, -156.194794, 531.152405
2709, -68.899864, -152.041656, 537.752136
2710, -44.998077, -149.980118, 545.831299
2711, -21.070057, -148.175659, 551.745361
2712, 4.632388, -145.454376, 561.615356
2713, 29.161846, -142.390137, 568.044983
2714, 54.414471, -139.077545, 571.386780
2715, 80.457329, -133.507538, 580.073914
2716, 100.149910, -113.659409, 594.763977
2717, 120.274849, -98.744896, 604.176758
2718, 140.237640, -89.836113, 609.219727
2719, 152.613159, -66.904205, 616.328552
2720, -21.883060, -81.835266, 784.269653
2721, -7.220899, -89.983925, 796.487305
2722, 7.568904, -95.415161, 801.696045
2723, -38.228508, -95.074570, 777.241699
2724, -12.956388, -99.869835, 788.660461
2725, 8.673495, -107.551933, 792.271057
2726, 31.168591, -108.032211, 798.526001
2727, 50.132397, -99.503723, 798.692566
2728, 69.693352, -84.424812, 798.349792
2729, -49.054096, -100.232857, 769.121765
2730, -27.945385, -109.720123, 774.126831
2731, -7.039937, -114.278183, 777.857178
2732, 17.996555, -118.397194, 782.115723
2733, -55.711170, -98.084496, 749.614197
2734, -36.951668, -102.892860, 753.525024
2735, -12.827542, -115.551285, 760.938416
2736, 9.927775, -120.260826, 763.093872
2737, 34.141392, -117.538696, 773.971130
2738, 55.561916, -111.286339, 780.393677
2739, 72.848717, -94.261803, 780.523560
2740, 85.698555, -88.549110, 766.538330
2741, 68.062599, -107.136261, 762.111084
2742, 46.216122, -123.330849, 752.668518
2743, 24.658367, -118.272865, 749.169678
2744, 34.991299, -125.946602, 728.523499
2745, 56.733410, -114.912987, 732.765076
2746, 77.550941, -104.889374, 741.290344
2747, 94.894127, -87.211586, 748.442444
2748, 40.378086, -123.979591, 704.813354
2749, 60.867138, -112.993095, 711.116943
2750, 85.029121, -105.640411, 717.933472
2751, 100.826668, -83.904716, 723.991882
2752, -51.239235, 65.738716, 799.202881
2753, -60.880924, 43.513973, 800.108643
2754, -61.718395, 75.725166, 795.138184
2755, -79.576744, 62.290333, 797.826172
2756, -83.197975, 33.249935, 790.379150
2757, -28.170086, 102.900246, 788.120239
2758, -52.811935, 96.255699, 789.865845
2759, -75.134491, 88.891167, 792.302979
2760, -76.649834, 70.480408, 785.916382
2761, -95.633598, 48.035786, 786.955566
2762, -99.475441, 26.080021, 780.487488
2763, -91.727493, 82.257393, 780.892212
2764, -102.993240, 60.646481, 777.786072
2765, -110.511414, 37.861057, 773.550415
2766, -117.205307, 15.438666, 767.944702
2767, -33.448471, 112.310677, 771.468628
2768, -61.607014, 109.424751, 774.679688
2769, -84.201332, 101.928825, 769.101929
2770, -99.097839, 78.917618, 761.231873
2771, -105.123688, 54.133266, 755.907104
2772, -113.846039, 33.579494, 750.718140
2773, -117.714539, 9.358787, 745.895569
2774, -34.173882, 120.825661, 759.057800
2775, -57.371914, 115.651848, 754.270203
2776, -84.070602, 108.039558, 749.384155
2777, -93.761482, 84.842751, 743.946472
2778, -89.042068, 93.852470, 726.923157
2779, -79.947708, 119.688606, 733.009216
2780, -54.089020, 124.924538, 737.472229
2781, -24.154781, 125.387993, 741.399414
2782, -94.475883, 99.280708, 702.349365
2783, -72.998741, 113.673317, 708.359619
2784, -52.540508, 128.625198, 711.899597
2785, -27.842140, 131.860474, 715.865784
2786, -136.766113, 25.414043, 654.319946
2787, -150.290421, 9.453845, 644.301147
2788, -172.208282, -4.986051, 636.136169
2789, -190.771515, -21.250072, 626.884705
2790, -208.281464, -36.134098, 621.581177
2791, -230.411713, -49.864086, 616.994324
2792, -254.256592, -63.125622, 612.541443
2793, -274.778351, -80.482597, 607.454651
2794, -293.734680, -96.975914, 594.068054
2795, -291.807404, -124.470451, 582.074158
2796, -293.532562, -152.066422, 567.486084
2797, -273.468109, -170.775757, 569.948730
2798, -249.725311, -178.552338, 579.391479
2799, -227.594452, -187.355820, 589.834534
2800, -201.187714, -178.488373, 603.635071
2801, -176.179184, -168.857239, 606.615601
2802, -153.922363, -155.038086, 612.615417
2803, -129.939621, -145.168671, 618.689636
2804, -108.781006, -135.625046, 626.041748
2805, -86.316010, -128.784821, 635.613892
2806, -63.302746, -123.531776, 644.679565
2807, -42.395145, -116.313225, 656.408752
2816, -182.695801, -182.043152, 528.899292
2817, -157.150650, -174.409378, 535.409912
2818, -130.461716, -168.778595, 543.385498
2819, -104.961296, -161.764526, 551.455505
2820, -80.827766, -156.686707, 557.175903
2821, -56.856777, -155.386963, 562.759766
2822, -32.049465, -154.104248, 572.355225
2823, -7.487622, -160.143890, 575.318298
2824, 17.100018, -154.271545, 585.216003
2825, 41.906666, -151.771027, 590.302368
2826, 64.242882, -142.840897, 599.323486
2827, 87.154671, -126.011482, 608.458130
2828, 107.128990, -115.394470, 617.368774
2829, 130.005219, -102.135773, 625.868347
2830, 148.486053, -91.764168, 631.223450
2831, 152.617432, -64.856041, 641.506348
2832, -16.238445, -159.803558, 608.854248
2833, 5.970843, -155.039017, 621.950745
2834, 28.666531, -146.547394, 632.894531
2835, 50.771069, -137.153259, 643.676086
2836, 73.098793, -127.179054, 652.582703
2837, 92.955772, -112.407898, 660.166077
2838, 110.878654, -98.808998, 668.835022
2839, 127.075073, -74.908348, 673.270020
2840, -269.429871, -59.137058, 536.963318
2841, -250.867859, -41.448933, 543.725464
2842, -232.533905, -21.924755, 549.844604
2843, -213.551514, -4.921823, 555.598022
2844, -196.911392, 13.733214, 559.075989
2845, -180.546906, 35.452244, 565.493164
2846, -166.651306, 56.312061, 569.811157
2847, -153.272064, 77.932144, 575.385010
2848, -144.427338, 102.235695, 576.361633
2849, -125.022011, 120.852440, 583.867188
2850, -101.563034, 132.244553, 590.998413
2851, -78.195053, 144.413757, 597.358826
2852, -54.683651, 156.310165, 604.920471
2853, -32.688858, 168.736511, 606.543884
2854, -7.829732, 175.907700, 607.653381
2855, -165.614227, 61.923725, 609.964539
2856, -150.468246, 80.669182, 620.446960
2857, -132.233261, 96.661873, 630.007690
2858, -116.241623, 117.064598, 636.407349
2859, -92.025307, 127.723991, 642.563965
2860, -69.498253, 140.798233, 648.986328
2861, -47.317863, 155.166519, 649.570557
2862, -19.757488, 159.812897, 650.837341
2863, -83.493912, -77.663307, 758.473877
2864, -65.281197, -68.332405, 774.770020
2865, -50.971062, -59.007900, 785.077332
2866, -36.660923, -49.683414, 795.384644
2867, -11.722768, -33.736435, 807.614441
2868, -223.241791, -146.796478, 634.059753
2869, -199.011459, -140.073608, 639.567993
2870, -176.112335, -127.955879, 645.079285
2871, -151.689957, -114.599159, 650.340820
2872, -131.386307, -103.417580, 655.575073
2873, -110.468262, -97.862968, 661.223999
2874, -89.584488, -91.736244, 667.924683
2880, -59.257748, 22.933842, 800.103638
2881, -78.082535, 14.301417, 792.979431
2882, -93.341461, 4.754710, 781.322327
2883, -114.668961, -3.900800, 770.522949
2884, -119.900612, -12.983323, 748.703674
2885, -120.036438, -20.555779, 728.079224
2886, -118.212692, -27.084995, 707.420044
2887, -129.285568, -33.629292, 685.448914
2888, -110.476334, -26.766979, 760.285400
2889, -95.937332, -16.021233, 775.253479
2890, -80.729889, -6.438947, 785.882324
2891, -65.522446, 3.143336, 796.511230
2892, -49.323555, 11.530292, 804.806885
2893, -42.500484, -0.830438, 807.230530
2894, -57.316944, -10.094316, 799.290710
2895, -73.969666, -20.296253, 790.116821
2896, -87.381859, -28.574635, 775.716675
2897, -98.983727, -36.773911, 758.579163
2898, -106.916573, -41.199036, 736.190369
2899, -117.590271, -45.219807, 715.745178
2900, -130.990707, -51.561916, 694.471802
2901, -144.134933, -61.011372, 678.498901
2902, -163.732468, -70.524025, 665.714233
2903, -181.301147, -83.870918, 659.318665
2904, -202.332932, -98.207077, 656.888245
2905, -220.933167, -112.897034, 655.071045
2906, -237.940552, -128.222992, 650.529907
2907, -229.507141, -124.767662, 649.885803
2908, -216.084351, -115.359184, 652.468567
2909, -202.660645, -105.951111, 655.052063
2910, -168.554108, -93.011574, 664.322754
2911, -145.077118, -78.968010, 675.799194
2912, -127.005127, -69.502754, 690.227478
2913, -114.531197, -63.260761, 707.910828
2914, -104.659775, -58.711628, 727.869141
2915, -97.204514, -52.488495, 748.932068
2916, -85.370529, -45.445431, 768.826294
2917, -73.359009, -39.364468, 783.605652
2918, -57.692696, -29.475132, 794.949463
2919, -48.185993, -18.474960, 802.882751
2920, -24.331738, -27.489437, 808.980347
2921, -44.015209, -39.119152, 798.584473
2922, -58.752636, -47.158035, 786.402344
2923, -75.044701, -55.628139, 774.785156
2924, -87.579872, -62.996265, 757.437500
2925, -92.192162, -67.348717, 739.532532
2926, -99.991547, -69.911621, 717.175720
2927, -106.372726, -75.455727, 698.993591
2928, -119.369781, -81.810356, 682.133789
2929, -139.050110, -91.455849, 668.482544
2930, -156.886520, -95.117462, 662.009338
2931, -178.548721, -97.658974, 659.377380
2932, -201.167252, -117.565262, 653.587463
2933, -222.453491, -125.749626, 648.147705
2934, -92.756775, -84.358376, 683.763184
2935, -85.210243, -81.435669, 702.874023
2936, -77.627487, -82.911659, 727.521484
2937, -76.204803, -89.014885, 748.437012
2938, -66.844147, -89.092201, 768.593262
2939, -49.044910, -78.272415, 782.113892
2940, -31.385578, -72.653847, 798.717651
2941, -13.890035, -68.002686, 808.270752
2942, -0.614751, -75.333694, 807.015137
2943, 22.713490, -83.073341, 808.212952
2944, 11.694041, 163.815582, 573.322937
2945, -14.837728, 162.751968, 568.283447
2946, -35.735374, 152.585983, 566.485901
2947, -63.943066, 141.727371, 557.178284
2948, -85.512215, 131.376846, 549.815918
2949, -110.216583, 118.579384, 541.124268
2950, -119.823486, 93.129326, 543.696533
2951, -130.195847, 72.118629, 543.562134
2952, -146.108856, 52.906963, 537.106750
2953, -160.360275, 31.703388, 532.257080
2954, -175.803009, 11.882163, 525.767090
2955, -190.555008, -3.261224, 520.437866
2956, -211.627594, -21.969723, 509.955505
2957, -225.600281, -43.703518, 509.310974
2958, -234.362732, -64.496864, 512.054382
2959, -251.745514, -85.751724, 511.171875
2960, -233.627594, -122.142403, 535.136597
2961, -215.924194, -161.157333, 517.364014
2962, -192.993561, -158.286133, 503.329926
2963, -161.898590, -141.660080, 510.839996
2964, -135.311661, -140.287567, 510.250946
2965, -112.853889, -124.696480, 518.716309
2966, -86.012360, -132.724442, 520.608521
2967, -61.509842, -133.003021, 527.520203
2968, -38.971554, -133.704330, 536.359375
2969, -14.190030, -131.293152, 542.931763
2970, 10.669658, -130.469513, 550.123901
2971, 34.230541, -127.551399, 552.360840
2972, 62.637249, -128.143036, 555.143494
2973, 86.962288, -125.198616, 559.553650
2974, 104.320259, -101.899544, 576.692383
2975, 122.419182, -88.627472, 585.651245
2976, 143.149109, -76.528877, 592.722046
2977, 154.881958, -58.236050, 600.626892
2978, -251.285004, -168.127899, 530.276550
2979, -224.928009, -175.894440, 533.149414
2980, -203.536102, -184.094055, 540.495178
2981, -182.191803, -183.476379, 550.289246
2982, -154.585846, -176.269699, 558.720337
2983, -131.301117, -164.992279, 568.066956
2984, -107.067833, -156.379257, 576.920715
2985, -85.024834, -150.941101, 587.402771
2986, -64.149246, -151.370163, 599.763062
2987, -42.105743, -152.060028, 613.007202
2988, -19.760002, -150.573212, 626.756775
2989, 2.425914, -144.192291, 638.820862
2990, 22.734287, -131.901459, 648.482178
2991, 44.160015, -122.711861, 659.497803
2992, 66.575401, -114.923904, 670.629272
2993, 88.699394, -103.767540, 678.703369
2994, 105.640785, -85.150154, 685.822266
2995, 123.661133, -68.568146, 691.548828
2996, -61.063297, -158.095245, 580.408203
2997, -36.260681, -159.539490, 588.683044
2998, -14.906728, -155.873947, 595.753418
2999, 11.182353, -159.491394, 603.951965
3000, 37.257595, -157.147125, 610.615967
3001, 60.490505, -145.210846, 618.905396
3002, 81.581657, -130.417511, 629.062073
3003, 100.978920, -116.690964, 639.881958
3004, 121.743401, -103.891945, 648.026123
3005, 140.610687, -89.334312, 654.260437
3006, 147.323914, -58.855297, 658.282104
3008, 6.691287, 155.529907, 533.738037
3009, -17.089809, 150.564194, 530.638550
3010, -43.803276, 144.326477, 521.165833
3011, -65.697304, 130.105530, 520.728027
3012, -86.533592, 119.018837, 512.680359
3013, -98.808792, 94.437584, 512.173462
3014, -113.020233, 75.719269, 511.987549
3015, -124.876038, 53.284260, 511.667358
3016, -135.481522, 32.371624, 509.512482
3017, 12.115321, 143.355133, 520.508728
3018, -13.955914, 138.692596, 522.948669
3019, -38.048450, 132.885101, 506.670013
3020, -62.124325, 124.130165, 499.856750
3021, -76.922653, 102.629723, 508.756897
3022, -54.822475, 111.826927, 507.256927
3023, -32.722294, 121.024132, 505.756989
3024, -57.218262, 115.232018, 494.426941
3025, -61.622868, 99.381279, 494.293274
3026, -75.812553, 90.782234, 494.575195
3027, -97.519188, 58.571484, 509.805603
3028, -117.587234, 39.337589, 501.777283
3029, -135.805450, 20.471867, 498.123779
3030, -148.501007, 1.364993, 497.797668
3031, -164.944366, -16.473289, 497.506287
3032, -179.873779, -35.806732, 495.086426
3033, -192.158173, -58.237080, 499.093872
3034, -202.995453, -80.662468, 497.834412
3035, -221.369720, -95.361214, 492.788696
3036, -238.601501, -118.499367, 485.658264
3037, -208.377533, -119.908028, 476.632141
3038, -216.935303, -105.756500, 477.997101
3039, -218.349213, -121.480553, 477.292755
3040, -220.050903, -132.718170, 488.027893
3041, -188.411026, -122.669289, 485.392944
3042, -163.412979, -115.921516, 489.665009
3043, -138.739487, -108.132927, 496.770569
3044, -115.517807, -104.505440, 501.433014
3045, -87.826431, -105.076714, 501.932495
3046, -63.302216, -103.478630, 501.302094
3047, -41.263844, -98.925934, 502.366882
3048, -18.476032, -96.085732, 506.838531
3049, 6.379115, -94.038139, 504.310730
3050, 29.857899, -87.583313, 518.968750
3051, 56.007519, -90.050423, 497.848145
3052, 62.312786, -92.021172, 499.615692
3053, 77.005547, -84.593895, 501.701172
3054, 91.697456, -77.166878, 503.787567
3055, 56.524593, -103.612526, 504.812988
3056, 80.803612, -91.981094, 510.855042
3057, 100.125237, -76.145058, 520.244385
3058, 119.145988, -63.450520, 522.765259
3059, 139.346405, -50.503010, 534.807800
3060, -34.952465, -108.730438, 511.919128
3061, -11.099698, -111.948166, 516.122803
3062, 12.063228, -110.960541, 517.215698
3063, 37.523968, -114.392082, 518.049805
3064, 61.062801, -109.804092, 520.152893
3065, 84.729790, -99.035446, 530.961548
3066, 107.639961, -91.830185, 534.054504
3067, 124.446686, -74.809883, 546.329956
3068, 144.120605, -61.035351, 551.739380
3073, -6.920949, -100.695808, 730.537476
3074, -29.986229, -95.131042, 726.204956
3075, -49.776936, -84.993210, 721.565552
3077, -59.302670, -80.906334, 712.620361
3078, -39.724682, -92.619095, 716.518494
3079, -16.953571, -98.802711, 719.853333
3080, 6.613345, -103.053596, 723.187561
3081, 18.971554, -103.622063, 716.567444
3082, -4.508939, -104.698662, 712.884766
3083, -27.711281, -97.548218, 710.396118
3084, -48.197750, -90.248299, 706.010742
3085, -68.072311, -80.368782, 703.618286
3086, -58.558292, -85.825401, 696.022339
3087, -39.560471, -96.489586, 699.301147
3088, -14.864079, -102.430870, 703.557861
3089, 7.489192, -105.603844, 707.423462
3090, 21.725681, -106.039452, 699.431091
3091, -2.597821, -106.904427, 696.887390
3092, -25.722691, -103.491249, 693.859863
3093, -47.614059, -96.043594, 689.025330
3094, -67.872894, -84.585289, 686.509033
3095, -56.946949, -94.140442, 680.284058
3096, -36.347057, -103.131218, 682.925232
3097, -14.402951, -108.139664, 686.471436
3098, 12.060138, -105.059441, 689.639343
3100, 0.154803, -109.376244, 680.283813
3101, -24.515240, -107.450623, 677.077576
3102, -46.502708, -98.742851, 673.906128
3105, -124.654221, 13.191535, 671.256165
3106, -118.201653, 35.098446, 674.822632
3107, -107.805069, 58.124218, 676.641357
3109, -95.242340, 67.973953, 686.424194
3110, -111.550140, 46.220234, 684.592651
3111, -118.583794, 23.418430, 681.332581
3112, -123.944000, 0.817523, 677.225647
3113, -121.776375, -11.178113, 683.555481
3114, -118.297089, 8.978515, 687.575745
3115, -110.929749, 31.184078, 691.879700
3116, -103.618103, 54.688190, 693.930054
3117, -86.007858, 73.733070, 695.811096
3118, -95.350479, 64.324692, 701.555115
3119, -104.518929, 42.511822, 701.763245
3120, -112.635750, 18.949303, 698.324768
3121, -115.948006, -1.961858, 694.435242
3122, -118.820374, -13.830333, 699.228638
3123, -117.885071, -0.665780, 702.307251
3124, -107.459198, 28.394093, 708.640381
3125, -102.180298, 52.132839, 710.269104
3126, -85.469627, 71.932884, 711.530151
3127, -93.400513, 63.452564, 719.435242
3128, -101.860397, 39.980015, 719.153076
3129, -110.167007, 18.937191, 714.551880
3130, -110.632904, -4.438264, 710.053345
3132, -107.243866, 5.076045, 720.414551
3133, -105.998344, 26.788357, 725.013977
3134, -98.510780, 50.173405, 728.165466
